country_id,code,name,status
1,BDS,Badakhshan,1
1,BDG,Badghis,1
1,BGL,Baghlan,1
1,BAL,Balkh,1
1,BAM,Bamian,1
1,FRA,Farah,1
1,FYB,Faryab,1
1,GHA,Ghazni,1
1,GHO,Ghowr,1
1,HEL,Helmand,1
1,HER,Herat,1
1,JOW,Jowzjan,1
1,KAB,Kabul,1
1,KAN,Kandahar,1
1,KAP,Kapisa,1
1,KHO,Khost,1
1,KNR,Konar,1
1,KDZ,Kondoz,1
1,LAG,Laghman,1
1,LOW,Lowgar,1
1,NAN,Nangrahar,1
1,NIM,Nimruz,1
1,NUR,Nurestan,1
1,ORU,Oruzgan,1
1,PIA,Paktia,1
1,PKA,Paktika,1
1,PAR,Parwan,1
1,SAM,Samangan,1
1,SAR,Sar-ePol,1
1,TAK,Takhar,1
1,WAR,Wardak,1
1,ZAB,Zabol,1
2,BR,Berat,1
2,BU,Bulqize,1
2,DL,Delvine,1
2,DV,Devoll,1
2,DI,Diber,1
2,DR,Durres,1
2,EL,Elbasan,1
2,ER,Kolonje,1
2,FR,Fier,1
2,GJ,Gjirokaster,1
2,GR,Gramsh,1
2,HA,Has,1
2,KA,Kavaje,1
2,KB,Kurbin,1
2,KC,Kucove,1
2,KO,Korce,1
2,KR,Kruje,1
2,KU,Kukes,1
2,LB,Librazhd,1
2,LE,Lezhe,1
2,LU,Lushnje,1
2,MM,MalesieMadhe,1
2,MK,Mallakaster,1
2,MT,Mat,1
2,MR,Mirdite,1
2,PQ,Peqin,1
2,PR,Permet,1
2,PG,Pogradec,1
2,PU,Puke,1
2,SH,Shkoder,1
2,SK,Skrapar,1
2,SR,Sarande,1
2,TE,Tepelene,1
2,TP,Tropoje,1
2,TR,Tirane,1
2,VL,Vlore,1
3,ADR,Adrar,1
3,ADE,AinDefla,1
3,ATE,AinTemouchent,1
3,ALG,Alger,1
3,ANN,Annaba,1
3,BAT,Batna,1
3,BEC,Bechar,1
3,BEJ,Bejaia,1
3,BIS,Biskra,1
3,BLI,Blida,1
3,BBA,BordjBouArreridj,1
3,BOA,Bouira,1
3,BMD,Boumerdes,1
3,CHL,Chlef,1
3,CON,Constantine,1
3,DJE,Djelfa,1
3,EBA,ElBayadh,1
3,EOU,ElOued,1
3,ETA,ElTarf,1
3,GHA,Ghardaia,1
3,GUE,Guelma,1
3,ILL,Illizi,1
3,JIJ,Jijel,1
3,KHE,Khenchela,1
3,LAG,Laghouat,1
3,MUA,Muaskar,1
3,MED,Medea,1
3,MIL,Mila,1
3,MOS,Mostaganem,1
3,MSI,MSila,1
3,NAA,Naama,1
3,ORA,Oran,1
3,OUA,Ouargla,1
3,OEB,Oumel-Bouaghi,1
3,REL,Relizane,1
3,SAI,Saida,1
3,SET,Setif,1
3,SBA,SidiBelAbbes,1
3,SKI,Skikda,1
3,SAH,SoukAhras,1
3,TAM,Tamanghasset,1
3,TEB,Tebessa,1
3,TIA,Tiaret,1
3,TIN,Tindouf,1
3,TIP,Tipaza,1
3,TIS,Tissemsilt,1
3,TOU,TiziOuzou,1
3,TLE,Tlemcen,1
4,E,Eastern,1
4,M,Manua,1
4,R,RoseIsland,1
4,S,SwainsIsland,1
4,W,Western,1
5,ALV,AndorralaVella,1
5,CAN,Canillo,1
5,ENC,Encamp,1
5,ESE,Escaldes-Engordany,1
5,LMA,LaMassana,1
5,ORD,Ordino,1
5,SJL,SantJuliadeLoria,1
6,BGO,Bengo,1
6,BGU,Benguela,1
6,BIE,Bie,1
6,CAB,Cabinda,1
6,CCU,Cuando-Cubango,1
6,CNO,CuanzaNorte,1
6,CUS,CuanzaSul,1
6,CNN,Cunene,1
6,HUA,Huambo,1
6,HUI,Huila,1
6,LUA,Luanda,1
6,LNO,LundaNorte,1
6,LSU,LundaSul,1
6,MAL,Malange,1
6,MOX,Moxico,1
6,NAM,Namibe,1
6,UIG,Uige,1
6,ZAI,Zaire,1
9,ASG,SaintGeorge,1
9,ASJ,SaintJohn,1
9,ASM,SaintMary,1
9,ASL,SaintPaul,1
9,ASR,SaintPeter,1
9,ASH,SaintPhilip,1
9,BAR,Barbuda,1
9,RED,Redonda,1
10,AN,AntartidaeIslasdelAtlantico,1
10,BA,BuenosAires,1
10,CA,Catamarca,1
10,CH,Chaco,1
10,CU,Chubut,1
10,CO,Cordoba,1
10,CR,Corrientes,1
10,DF,DistritoFederal,1
10,ER,EntreRios,1
10,FO,Formosa,1
10,JU,Jujuy,1
10,LP,LaPampa,1
10,LR,LaRioja,1
10,ME,Mendoza,1
10,MI,Misiones,1
10,NE,Neuquen,1
10,RN,RioNegro,1
10,SA,Salta,1
10,SJ,SanJuan,1
10,SL,SanLuis,1
10,SC,SantaCruz,1
10,SF,SantaFe,1
10,SD,SantiagodelEstero,1
10,TF,TierradelFuego,1
10,TU,Tucuman,1
11,AGT,Aragatsotn,1
11,ARR,Ararat,1
11,ARM,Armavir,1
11,GEG,Gegharkunik,1
11,KOT,Kotayk,1
11,LOR,Lorri,1
11,SHI,Shirak,1
11,SYU,Syunik,1
11,TAV,Tavush,1
11,VAY,VayotsDzor,1
11,YER,Yerevan,1
13,ACT,AustralianCapitalTerritory,1
13,NSW,NewSouthWales,1
13,NT,NorthernTerritory,1
13,QLD,Queensland,1
13,SA,SouthAustralia,1
13,TAS,Tasmania,1
13,VIC,Victoria,1
13,WA,WesternAustralia,1
14,BUR,Burgenland,1
14,KAR,Kärnten,1
14,NOS,Nieder&ouml;sterreich,1
14,OOS,Ober&ouml;sterreich,1
14,SAL,Salzburg,1
14,STE,Steiermark,1
14,TIR,Tirol,1
14,VOR,Vorarlberg,1
14,WIE,Wien,1
15,AB,AliBayramli,1
15,ABS,Abseron,1
15,AGC,AgcabAdi,1
15,AGM,Agdam,1
15,AGS,Agdas,1
15,AGA,Agstafa,1
15,AGU,Agsu,1
15,AST,Astara,1
15,BA,Baki,1
15,BAB,BabAk,1
15,BAL,BalakAn,1
15,BAR,BArdA,1
15,BEY,Beylaqan,1
15,BIL,Bilasuvar,1
15,CAB,Cabrayil,1
15,CAL,Calilabab,1
15,CUL,Culfa,1
15,DAS,Daskasan,1
15,DAV,Davaci,1
15,FUZ,Fuzuli,1
15,GA,Ganca,1
15,GAD,Gadabay,1
15,GOR,Goranboy,1
15,GOY,Goycay,1
15,HAC,Haciqabul,1
15,IMI,Imisli,1
15,ISM,Ismayilli,1
15,KAL,Kalbacar,1
15,KUR,Kurdamir,1
15,LA,Lankaran,1
15,LAC,Lacin,1
15,LAN,Lankaran,1
15,LER,Lerik,1
15,MAS,Masalli,1
15,MI,Mingacevir,1
15,NA,Naftalan,1
15,NEF,Neftcala,1
15,OGU,Oguz,1
15,ORD,Ordubad,1
15,QAB,Qabala,1
15,QAX,Qax,1
15,QAZ,Qazax,1
15,QOB,Qobustan,1
15,QBA,Quba,1
15,QBI,Qubadli,1
15,QUS,Qusar,1
15,SA,Saki,1
15,SAT,Saatli,1
15,SAB,Sabirabad,1
15,SAD,Sadarak,1
15,SAH,Sahbuz,1
15,SAK,Saki,1
15,SAL,Salyan,1
15,SM,Sumqayit,1
15,SMI,Samaxi,1
15,SKR,Samkir,1
15,SMX,Samux,1
15,SAR,Sarur,1
15,SIY,Siyazan,1
15,SS,Susa,1
15,SUS,Susa,1
15,TAR,Tartar,1
15,TOV,Tovuz,1
15,UCA,Ucar,1
15,XA,Xankandi,1
15,XAC,Xacmaz,1
15,XAN,Xanlar,1
15,XIZ,Xizi,1
15,XCI,Xocali,1
15,XVD,Xocavand,1
15,YAR,Yardimli,1
15,YEV,Yevlax,1
15,ZAN,Zangilan,1
15,ZAQ,Zaqatala,1
15,ZAR,Zardab,1
15,NX,Naxcivan,1
16,ACK,Acklins,1
16,BER,BerryIslands,1
16,BIM,Bimini,1
16,BLK,BlackPoint,1
16,CAT,CatIsland,1
16,CAB,CentralAbaco,1
16,CAN,CentralAndros,1
16,CEL,CentralEleuthera,1
16,FRE,CityofFreeport,1
16,CRO,CrookedIsland,1
16,EGB,EastGrandBahama,1
16,EXU,Exuma,1
16,GRD,GrandCay,1
16,HAR,HarbourIsland,1
16,HOP,HopeTown,1
16,INA,Inagua,1
16,LNG,LongIsland,1
16,MAN,MangroveCay,1
16,MAY,Mayaguana,1
16,MOO,MooresIsland,1
16,NAB,NorthAbaco,1
16,NAN,NorthAndros,1
16,NEL,NorthEleuthera,1
16,RAG,RaggedIsland,1
16,RUM,RumCay,1
16,SAL,SanSalvador,1
16,SAB,SouthAbaco,1
16,SAN,SouthAndros,1
16,SEL,SouthEleuthera,1
16,SWE,SpanishWells,1
16,WGB,WestGrandBahama,1
17,CAP,Capital,1
17,CEN,Central,1
17,MUH,Muharraq,1
17,NOR,Northern,1
17,SOU,Southern,1
18,BAR,Barisal,1
18,CHI,Chittagong,1
18,DHA,Dhaka,1
18,KHU,Khulna,1
18,RAJ,Rajshahi,1
18,SYL,Sylhet,1
19,CC,ChristChurch,1
19,AND,SaintAndrew,1
19,GEO,SaintGeorge,1
19,JAM,SaintJames,1
19,JOH,SaintJohn,1
19,JOS,SaintJoseph,1
19,LUC,SaintLucy,1
19,MIC,SaintMichael,1
19,PET,SaintPeter,1
19,PHI,SaintPhilip,1
19,THO,SaintThomas,1
20,BR,BrestskayaBrest),1
20,HO,HomyelskayaHomyel),1
20,HM,HoradMinsk,1
20,HR,HrodzyenskayaHrodna),1
20,MA,MahilyowskayaMahilyow),1
20,MI,Minskaya,1
20,VI,VitsyebskayaVitsyebsk),1
21,VAN,Antwerpen,1
21,WBR,BrabantWallon,1
21,WHT,Hainaut,1
21,WLG,Liège,1
21,VLI,Limburg,1
21,WLX,Luxembourg,1
21,WNA,Namur,1
21,VOV,Oost-Vlaanderen,1
21,VBR,VlaamsBrabant,1
21,VWV,West-Vlaanderen,1
22,BZ,Belize,1
22,CY,Cayo,1
22,CR,Corozal,1
22,OW,OrangeWalk,1
22,SC,StannCreek,1
22,TO,Toledo,1
23,AL,Alibori,1
23,AK,Atakora,1
23,AQ,Atlantique,1
23,BO,Borgou,1
23,CO,Collines,1
23,DO,Donga,1
23,KO,Kouffo,1
23,LI,Littoral,1
23,MO,Mono,1
23,OU,Oueme,1
23,PL,Plateau,1
23,ZO,Zou,1
24,DS,Devonshire,1
24,HC,HamiltonCity,1
24,HA,Hamilton,1
24,PG,Paget,1
24,PB,Pembroke,1
24,GC,SaintGeorgeCity,1
24,SG,SaintGeorges,1
24,SA,Sandys,1
24,SM,Smiths,1
24,SH,Southampton,1
24,WA,Warwick,1
25,BUM,Bumthang,1
25,CHU,Chukha,1
25,DAG,Dagana,1
25,GAS,Gasa,1
25,HAA,Haa,1
25,LHU,Lhuntse,1
25,MON,Mongar,1
25,PAR,Paro,1
25,PEM,Pemagatshel,1
25,PUN,Punakha,1
25,SJO,SamdrupJongkhar,1
25,SAT,Samtse,1
25,SAR,Sarpang,1
25,THI,Thimphu,1
25,TRG,Trashigang,1
25,TRY,Trashiyangste,1
25,TRO,Trongsa,1
25,TSI,Tsirang,1
25,WPH,WangduePhodrang,1
25,ZHE,Zhemgang,1
26,BEN,Beni,1
26,CHU,Chuquisaca,1
26,COC,Cochabamba,1
26,LPZ,LaPaz,1
26,ORU,Oruro,1
26,PAN,Pando,1
26,POT,Potosi,1
26,SCZ,SantaCruz,1
26,TAR,Tarija,1
27,BRO,Brckodistrict,1
27,FUS,Unsko-SanskiKanton,1
27,FPO,PosavskiKanton,1
27,FTU,TuzlanskiKanton,1
27,FZE,Zenicko-DobojskiKanton,1
27,FBP,BosanskopodrinjskiKanton,1
27,FSB,SrednjebosanskiKanton,1
27,FHN,Hercegovacko-neretvanskiKanton,1
27,FZH,ZapadnohercegovackaZupanija,1
27,FSA,KantonSarajevo,1
27,FZA,Zapadnobosanska,1
27,SBL,BanjaLuka,1
27,SDO,Doboj,1
27,SBI,Bijeljina,1
27,SVL,Vlasenica,1
27,SSR,Sarajevo-RomanijaorSokolac,1
27,SFO,Foca,1
27,STR,Trebinje,1
28,CE,Central,1
28,GH,Ghanzi,1
28,KD,Kgalagadi,1
28,KT,Kgatleng,1
28,KW,Kweneng,1
28,NG,Ngamiland,1
28,NE,NorthEast,1
28,NW,NorthWest,1
28,SE,SouthEast,1
28,SO,Southern,1
30,AC,Acre,1
30,AL,Alagoas,1
30,AP,Amapá,1
30,AM,Amazonas,1
30,BA,Bahia,1
30,CE,Ceará,1
30,DF,DistritoFederal,1
30,ES,EspíritoSanto,1
30,GO,Goiás,1
30,MA,Maranhão,1
30,MT,MatoGrosso,1
30,MS,MatoGrossodoSul,1
30,MG,MinasGerais,1
30,PA,Pará,1
30,PB,Paraíba,1
30,PR,Paraná,1
30,PE,Pernambuco,1
30,PI,Piauí,1
30,RJ,RiodeJaneiro,1
30,RN,RioGrandedoNorte,1
30,RS,RioGrandedoSul,1
30,RO,Rondônia,1
30,RR,Roraima,1
30,SC,SantaCatarina,1
30,SP,SãoPaulo,1
30,SE,Sergipe,1
30,TO,Tocantins,1
31,PB,PerosBanhos,1
31,SI,SalomonIslands,1
31,NI,NelsonsIsland,1
31,TB,ThreeBrothers,1
31,EA,EagleIslands,1
31,DI,DangerIsland,1
31,EG,EgmontIslands,1
31,DG,DiegoGarcia,1
32,BEL,Belait,1
32,BRM,BruneiandMuara,1
32,TEM,Temburong,1
32,TUT,Tutong,1
33,,Blagoevgrad,1
33,,Burgas,1
33,,Dobrich,1
33,,Gabrovo,1
33,,Haskovo,1
33,,Kardjali,1
33,,Kyustendil,1
33,,Lovech,1
33,,Montana,1
33,,Pazardjik,1
33,,Pernik,1
33,,Pleven,1
33,,Plovdiv,1
33,,Razgrad,1
33,,Shumen,1
33,,Silistra,1
33,,Sliven,1
33,,Smolyan,1
33,,Sofia,1
33,,Sofia-town,1
33,,StaraZagora,1
33,,Targovishte,1
33,,Varna,1
33,,VelikoTarnovo,1
33,,Vidin,1
33,,Vratza,1
33,,Yambol,1
34,BAL,Bale,1
34,BAM,Bam,1
34,BAN,Banwa,1
34,BAZ,Bazega,1
34,BOR,Bougouriba,1
34,BLG,Boulgou,1
34,BOK,Boulkiemde,1
34,COM,Comoe,1
34,GAN,Ganzourgou,1
34,GNA,Gnagna,1
34,GOU,Gourma,1
34,HOU,Houet,1
34,IOA,Ioba,1
34,KAD,Kadiogo,1
34,KEN,Kenedougou,1
34,KOD,Komondjari,1
34,KOP,Kompienga,1
34,KOS,Kossi,1
34,KOL,Koulpelogo,1
34,KOT,Kouritenga,1
34,KOW,Kourweogo,1
34,LER,Leraba,1
34,LOR,Loroum,1
34,MOU,Mouhoun,1
34,NAH,Nahouri,1
34,NAM,Namentenga,1
34,NAY,Nayala,1
34,NOU,Noumbiel,1
34,OUB,Oubritenga,1
34,OUD,Oudalan,1
34,PAS,Passore,1
34,PON,Poni,1
34,SAG,Sanguie,1
34,SAM,Sanmatenga,1
34,SEN,Seno,1
34,SIS,Sissili,1
34,SOM,Soum,1
34,SOR,Sourou,1
34,TAP,Tapoa,1
34,TUY,Tuy,1
34,YAG,Yagha,1
34,YAT,Yatenga,1
34,ZIR,Ziro,1
34,ZOD,Zondoma,1
34,ZOW,Zoundweogo,1
35,BB,Bubanza,1
35,BJ,Bujumbura,1
35,BR,Bururi,1
35,CA,Cankuzo,1
35,CI,Cibitoke,1
35,GI,Gitega,1
35,KR,Karuzi,1
35,KY,Kayanza,1
35,KI,Kirundo,1
35,MA,Makamba,1
35,MU,Muramvya,1
35,MY,Muyinga,1
35,MW,Mwaro,1
35,NG,Ngozi,1
35,RT,Rutana,1
35,RY,Ruyigi,1
36,PP,PhnomPenh,1
36,PS,PreahSeihanuKompongSomorSihanoukville),1
36,PA,Pailin,1
36,KB,Keb,1
36,BM,BanteayMeanchey,1
36,BA,Battambang,1
36,KM,KampongCham,1
36,KN,KampongChhnang,1
36,KU,KampongSpeu,1
36,KO,KampongSom,1
36,KT,KampongThom,1
36,KP,Kampot,1
36,KL,Kandal,1
36,KK,KaohKong,1
36,KR,Kratie,1
36,MK,MondulKiri,1
36,OM,OddarMeancheay,1
36,PU,Pursat,1
36,PR,PreahVihear,1
36,PG,PreyVeng,1
36,RK,RatanakKiri,1
36,SI,Siemreap,1
36,ST,StungTreng,1
36,SR,SvayRieng,1
36,TK,Takeo,1
37,ADA,AdamawaAdamaoua),1
37,CEN,Centre,1
37,EST,EastEst),1
37,EXN,ExtremeNorthExtreme-Nord),1
37,LIT,Littoral,1
37,NOR,NorthNord),1
37,NOT,NorthwestNord-Ouest),1
37,OUE,WestOuest),1
37,SUD,SouthSud),1
37,SOU,SouthwestSud-Ouest).,1
38,AB,Alberta,1
38,BC,BritishColumbia,1
38,MB,Manitoba,1
38,NB,NewBrunswick,1
38,NL,NewfoundlandandLabrador,1
38,NT,NorthwestTerritories,1
38,NS,NovaScotia,1
38,NU,Nunavut,1
38,ON,Ontario,1
38,PE,PrinceEdwardIsland,1
38,QC,Qu&eacute;bec,1
38,SK,Saskatchewan,1
38,YT,YukonTerritory,1
39,BV,BoaVista,1
39,BR,Brava,1
39,CS,CalhetadeSaoMiguel,1
39,MA,Maio,1
39,MO,Mosteiros,1
39,PA,Paul,1
39,PN,PortoNovo,1
39,PR,Praia,1
39,RG,RibeiraGrande,1
39,SL,Sal,1
39,CA,SantaCatarina,1
39,CR,SantaCruz,1
39,SD,SaoDomingos,1
39,SF,SaoFilipe,1
39,SN,SaoNicolau,1
39,SV,SaoVicente,1
39,TA,Tarrafal,1
40,CR,Creek,1
40,EA,Eastern,1
40,ML,Midland,1
40,ST,SouthTown,1
40,SP,SpotBay,1
40,SK,StakeBay,1
40,WD,WestEnd,1
40,WN,Western,1
41,BBA,Bamingui-Bangoran,1
41,BKO,Basse-Kotto,1
41,HKO,Haute-Kotto,1
41,HMB,Haut-Mbomou,1
41,KEM,Kemo,1
41,LOB,Lobaye,1
41,MKD,Mambere-KadeÔ,1
41,MBO,Mbomou,1
41,NMM,Nana-Mambere,1
41,OMP,Ombella-MPoko,1
41,OUK,Ouaka,1
41,OUH,Ouham,1
41,OPE,Ouham-Pende,1
41,VAK,Vakaga,1
41,NGR,Nana-Grebizi,1
41,SMB,Sangha-Mbaere,1
41,BAN,Bangui,1
42,BA,Batha,1
42,BI,Biltine,1
42,BE,Borkou-Ennedi-Tibesti,1
42,CB,Chari-Baguirmi,1
42,GU,Guera,1
42,KA,Kanem,1
42,LA,Lac,1
42,LC,LogoneOccidental,1
42,LR,LogoneOriental,1
42,MK,Mayo-Kebbi,1
42,MC,Moyen-Chari,1
42,OU,Ouaddai,1
42,SA,Salamat,1
42,TA,Tandjile,1
43,AI,AisendelGeneralCarlosIbanez,1
43,AN,Antofagasta,1
43,AR,Araucania,1
43,AT,Atacama,1
43,BI,Bio-Bio,1
43,CO,Coquimbo,1
43,LI,LibertadorGeneralBernardoOHi,1
43,LL,LosLagos,1
43,MA,MagallanesydelaAntarticaChi,1
43,ML,Maule,1
43,RM,RegionMetropolitana,1
43,TA,Tarapaca,1
43,VS,Valparaiso,1
44,AN,Anhui,1
44,BE,Beijing,1
44,CH,Chongqing,1
44,FU,Fujian,1
44,GA,Gansu,1
44,GU,Guangdong,1
44,GX,Guangxi,1
44,GZ,Guizhou,1
44,HA,Hainan,1
44,HB,Hebei,1
44,HL,Heilongjiang,1
44,HE,Henan,1
44,HK,HongKong,1
44,HU,Hubei,1
44,HN,Hunan,1
44,IM,InnerMongolia,1
44,JI,Jiangsu,1
44,JX,Jiangxi,1
44,JL,Jilin,1
44,LI,Liaoning,1
44,MA,Macau,1
44,NI,Ningxia,1
44,SH,Shaanxi,1
44,SA,Shandong,1
44,SG,Shanghai,1
44,SX,Shanxi,1
44,SI,Sichuan,1
44,TI,Tianjin,1
44,XI,Xinjiang,1
44,YU,Yunnan,1
44,ZH,Zhejiang,1
46,D,DirectionIsland,1
46,H,HomeIsland,1
46,O,HorsburghIsland,1
46,S,SouthIsland,1
46,W,WestIsland,1
47,AMZ,Amazonas,1
47,ANT,Antioquia,1
47,ARA,Arauca,1
47,ATL,Atlantico,1
47,BDC,BogotaD.C.,1
47,BOL,Bolivar,1
47,BOY,Boyaca,1
47,CAL,Caldas,1
47,CAQ,Caqueta,1
47,CAS,Casanare,1
47,CAU,Cauca,1
47,CES,Cesar,1
47,CHO,Choco,1
47,COR,Cordoba,1
47,CAM,Cundinamarca,1
47,GNA,Guainia,1
47,GJR,Guajira,1
47,GVR,Guaviare,1
47,HUI,Huila,1
47,MAG,Magdalena,1
47,MET,Meta,1
47,NAR,Narino,1
47,NDS,NortedeSantander,1
47,PUT,Putumayo,1
47,QUI,Quindio,1
47,RIS,Risaralda,1
47,SAP,SanAndresyProvidencia,1
47,SAN,Santander,1
47,SUC,Sucre,1
47,TOL,Tolima,1
47,VDC,ValledelCauca,1
47,VAU,Vaupes,1
47,VIC,Vichada,1
48,G,GrandeComore,1
48,A,Anjouan,1
48,M,Moheli,1
49,BO,Bouenza,1
49,BR,Brazzaville,1
49,CU,Cuvette,1
49,CO,Cuvette-Ouest,1
49,KO,Kouilou,1
49,LE,Lekoumou,1
49,LI,Likouala,1
49,NI,Niari,1
49,PL,Plateaux,1
49,PO,Pool,1
49,SA,Sangha,1
50,PU,Pukapuka,1
50,RK,Rakahanga,1
50,MK,Manihiki,1
50,PE,Penrhyn,1
50,NI,NassauIsland,1
50,SU,Surwarrow,1
50,PA,Palmerston,1
50,AI,Aitutaki,1
50,MA,Manuae,1
50,TA,Takutea,1
50,MT,Mitiaro,1
50,AT,Atiu,1
50,MU,Mauke,1
50,RR,Rarotonga,1
50,MG,Mangaia,1
51,AL,Alajuela,1
51,CA,Cartago,1
51,GU,Guanacaste,1
51,HE,Heredia,1
51,LI,Limon,1
51,PU,Puntarenas,1
51,SJ,SanJose,1
52,ABE,Abengourou,1
52,ABI,Abidjan,1
52,ABO,Aboisso,1
52,ADI,Adiake,1
52,ADZ,Adzope,1
52,AGB,Agboville,1
52,AGN,Agnibilekrou,1
52,ALE,Alepe,1
52,BOC,Bocanda,1
52,BAN,Bangolo,1
52,BEO,Beoumi,1
52,BIA,Biankouma,1
52,BDK,Bondoukou,1
52,BGN,Bongouanou,1
52,BFL,Bouafle,1
52,BKE,Bouake,1
52,BNA,Bouna,1
52,BDL,Boundiali,1
52,DKL,Dabakala,1
52,DBU,Dabou,1
52,DAL,Daloa,1
52,DAN,Danane,1
52,DAO,Daoukro,1
52,DIM,Dimbokro,1
52,DIV,Divo,1
52,DUE,Duekoue,1
52,FER,Ferkessedougou,1
52,GAG,Gagnoa,1
52,GBA,Grand-Bassam,1
52,GLA,Grand-Lahou,1
52,GUI,Guiglo,1
52,ISS,Issia,1
52,JAC,Jacqueville,1
52,KAT,Katiola,1
52,KOR,Korhogo,1
52,LAK,Lakota,1
52,MAN,Man,1
52,MKN,Mankono,1
52,MBA,Mbahiakro,1
52,ODI,Odienne,1
52,OUM,Oume,1
52,SAK,Sakassou,1
52,SPE,San-Pedro,1
52,SAS,Sassandra,1
52,SEG,Seguela,1
52,SIN,Sinfra,1
52,SOU,Soubre,1
52,TAB,Tabou,1
52,TAN,Tanda,1
52,TIE,Tiebissou,1
52,TIN,Tingrela,1
52,TIA,Tiassale,1
52,TBA,Touba,1
52,TLP,Toulepleu,1
52,TMD,Toumodi,1
52,VAV,Vavoua,1
52,YAM,Yamoussoukro,1
52,ZUE,Zuenoula,1
53,BB,Bjelovarsko-bilogorska,1
53,GZ,GradZagreb,1
53,DN,Dubrovačko-neretvanska,1
53,IS,Istarska,1
53,KA,Karlovačka,1
53,KK,Koprivničko-križevačka,1
53,KZ,Krapinsko-zagorska,1
53,LS,Ličko-senjska,1
53,ME,Međimurska,1
53,OB,Osječko-baranjska,1
53,PS,Požeško-slavonska,1
53,PG,Primorsko-goranska,1
53,SK,Šibensko-kninska,1
53,SM,Sisačko-moslavačka,1
53,BP,Brodsko-posavska,1
53,SD,Splitsko-dalmatinska,1
53,VA,Varaždinska,1
53,VP,Virovitičko-podravska,1
53,VS,Vukovarsko-srijemska,1
53,ZA,Zadarska,1
53,ZG,Zagrebačka,1
54,CA,Camaguey,1
54,CD,CiegodeAvila,1
54,CI,Cienfuegos,1
54,CH,CiudaddeLaHabana,1
54,GR,Granma,1
54,GU,Guantanamo,1
54,HO,Holguin,1
54,IJ,IsladelaJuventud,1
54,LH,LaHabana,1
54,LT,LasTunas,1
54,MA,Matanzas,1
54,PR,PinardelRio,1
54,SS,SanctiSpiritus,1
54,SC,SantiagodeCuba,1
54,VC,VillaClara,1
55,F,Famagusta,1
55,K,Kyrenia,1
55,A,Larnaca,1
55,I,Limassol,1
55,N,Nicosia,1
55,P,Paphos,1
56,U,Ústecký,1
56,C,Jihočeský,1
56,B,Jihomoravský,1
56,K,Karlovarský,1
56,H,Královehradecký,1
56,L,Liberecký,1
56,T,Moravskoslezský,1
56,M,Olomoucký,1
56,E,Pardubický,1
56,P,Plzeňský,1
56,A,Praha,1
56,S,Středočeský,1
56,J,Vysočina,1
56,Z,Zlínský,1
57,AR,Arhus,1
57,BH,Bornholm,1
57,CO,Copenhagen,1
57,FO,FaroeIslands,1
57,FR,Frederiksborg,1
57,FY,Fyn,1
57,KO,Kobenhavn,1
57,NO,Nordjylland,1
57,RI,Ribe,1
57,RK,Ringkobing,1
57,RO,Roskilde,1
57,SO,Sonderjylland,1
57,ST,Storstrom,1
57,VK,Vejle,1
57,VJ,Vestj&aelig;lland,1
57,VB,Viborg,1
58,S,AliSabih,1
58,K,Dikhil,1
58,J,Djibouti,1
58,O,Obock,1
58,T,Tadjoura,1
59,AND,SaintAndrewParish,1
59,DAV,SaintDavidParish,1
59,GEO,SaintGeorgeParish,1
59,JOH,SaintJohnParish,1
59,JOS,SaintJosephParish,1
59,LUK,SaintLukeParish,1
59,MAR,SaintMarkParish,1
59,PAT,SaintPatrickParish,1
59,PAU,SaintPaulParish,1
59,PET,SaintPeterParish,1
60,DN,DistritoNacional,1
60,AZ,Azua,1
60,BC,Baoruco,1
60,BH,Barahona,1
60,DJ,Dajabon,1
60,DU,Duarte,1
60,EL,EliasPina,1
60,SY,ElSeybo,1
60,ET,Espaillat,1
60,HM,HatoMayor,1
60,IN,Independencia,1
60,AL,LaAltagracia,1
60,RO,LaRomana,1
60,VE,LaVega,1
60,MT,MariaTrinidadSanchez,1
60,MN,MonsenorNouel,1
60,MC,MonteCristi,1
60,MP,MontePlata,1
60,PD,Pedernales,1
60,PR,PeraviaBani),1
60,PP,PuertoPlata,1
60,SL,Salcedo,1
60,SM,Samana,1
60,SH,SanchezRamirez,1
60,SC,SanCristobal,1
60,JO,SanJosedeOcoa,1
60,SJ,SanJuan,1
60,PM,SanPedrodeMacoris,1
60,SA,Santiago,1
60,ST,SantiagoRodriguez,1
60,SD,SantoDomingo,1
60,VA,Valverde,1
61,AL,Aileu,1
61,AN,Ainaro,1
61,BA,Baucau,1
61,BO,Bobonaro,1
61,CO,CovaLima,1
61,DI,Dili,1
61,ER,Ermera,1
61,LA,Lautem,1
61,LI,Liquica,1
61,MT,Manatuto,1
61,MF,Manufahi,1
61,OE,Oecussi,1
61,VI,Viqueque,1
62,AZU,Azuay,1
62,BOL,Bolivar,1
62,CAN,Ca&ntilde;ar,1
62,CAR,Carchi,1
62,CHI,Chimborazo,1
62,COT,Cotopaxi,1
62,EOR,ElOro,1
62,ESM,Esmeraldas,1
62,GPS,Gal&aacute;pagos,1
62,GUA,Guayas,1
62,IMB,Imbabura,1
62,LOJ,Loja,1
62,LRO,LosRios,1
62,MAN,Manab&iacute;,1
62,MSA,MoronaSantiago,1
62,NAP,Napo,1
62,ORE,Orellana,1
62,PAS,Pastaza,1
62,PIC,Pichincha,1
62,SUC,Sucumb&iacute;os,1
62,TUN,Tungurahua,1
62,ZCH,ZamoraChinchipe,1
63,DHY,AdDaqahliyah,1
63,BAM,AlBahralAhmar,1
63,BHY,AlBuhayrah,1
63,FYM,AlFayyum,1
63,GBY,AlGharbiyah,1
63,IDR,AlIskandariyah,1
63,IML,AlIsmailiyah,1
63,JZH,AlJizah,1
63,MFY,AlMinufiyah,1
63,MNY,AlMinya,1
63,QHR,AlQahirah,1
63,QLY,AlQalyubiyah,1
63,WJD,AlWadialJadid,1
63,SHQ,AshSharqiyah,1
63,SWY,AsSuways,1
63,ASW,Aswan,1
63,ASY,Asyut,1
63,BSW,BaniSuwayf,1
63,BSD,BurSaid,1
63,DMY,Dumyat,1
63,JNS,JanubSina,1
63,KSH,KafrashShaykh,1
63,MAT,Matruh,1
63,QIN,Qina,1
63,SHS,ShamalSina,1
63,SUH,Suhaj,1
64,AH,Ahuachapan,1
64,CA,Cabanas,1
64,CH,Chalatenango,1
64,CU,Cuscatlan,1
64,LB,LaLibertad,1
64,PZ,LaPaz,1
64,UN,LaUnion,1
64,MO,Morazan,1
64,SM,SanMiguel,1
64,SS,SanSalvador,1
64,SV,SanVicente,1
64,SA,SantaAna,1
64,SO,Sonsonate,1
64,US,Usulutan,1
65,AN,ProvinciaAnnobon,1
65,BN,ProvinciaBiokoNorte,1
65,BS,ProvinciaBiokoSur,1
65,CS,ProvinciaCentroSur,1
65,KN,ProvinciaKie-Ntem,1
65,LI,ProvinciaLitoral,1
65,WN,ProvinciaWele-Nzas,1
66,MA,CentralMaekel),1
66,KE,AnsebaKeren),1
66,DK,SouthernRedSeaDebub-Keih-Bahri),1
66,SK,NorthernRedSeaSemien-Keih-Bahri),1
66,DE,SouthernDebub),1
66,BR,Gash-BarkaBarentu),1
67,HA,HarjumaaTallinn),1
67,HI,HiiumaaKardla),1
67,IV,Ida-VirumaaJohvi),1
67,JA,JarvamaaPaide),1
67,JO,JogevamaaJogeva),1
67,LV,Laane-VirumaaRakvere),1
67,LA,LaanemaaHaapsalu),1
67,PA,ParnumaaParnu),1
67,PO,PolvamaaPolva),1
67,RA,RaplamaaRapla),1
67,SA,SaaremaaKuessaare),1
67,TA,TartumaaTartu),1
67,VA,ValgamaaValga),1
67,VI,ViljandimaaViljandi),1
67,VO,VorumaaVoru),1
68,AF,Afar,1
68,AH,Amhara,1
68,BG,Benishangul-Gumaz,1
68,GB,Gambela,1
68,HR,Hariai,1
68,OR,Oromia,1
68,SM,Somali,1
68,SN,SouthernNations-NationalitiesandPeoplesRegion,1
68,TG,Tigray,1
68,AA,AddisAbaba,1
68,DD,DireDawa,1
71,C,CentralDivision,1
71,N,NorthernDivision,1
71,E,EasternDivision,1
71,W,WesternDivision,1
71,R,Rotuma,1
72,AL,AhvenanmaanLaani,1
72,ES,Etela-SuomenLaani,1
72,IS,Ita-SuomenLaani,1
72,LS,Lansi-SuomenLaani,1
72,LA,LapinLanani,1
72,OU,OulunLaani,1
74,01,Ain,1
74,02,Aisne,1
74,03,Allier,1
74,04,AlpesdeHauteProvence,1
74,05,Hautes-Alpes,1
74,06,AlpesMaritimes,1
74,07,Ard&egrave;che,1
74,08,Ardennes,1
74,09,Ari&egrave;ge,1
74,10,Aube,1
74,11,Aude,1
74,12,Aveyron,1
74,13,BouchesduRh&ocirc;ne,1
74,14,Calvados,1
74,15,Cantal,1
74,16,Charente,1
74,17,CharenteMaritime,1
74,18,Cher,1
74,19,Corr&egrave;ze,1
74,2A,CorseduSud,1
74,2B,HauteCorse,1
74,21,C&ocirc;ted&#039;or,1
74,22,C&ocirc;tesd&#039;Armor,1
74,23,Creuse,1
74,24,Dordogne,1
74,25,Doubs,1
74,26,Dr&ocirc;me,1
74,27,Eure,1
74,28,EureetLoir,1
74,29,Finist&egrave;re,1
74,30,Gard,1
74,31,HauteGaronne,1
74,32,Gers,1
74,33,Gironde,1
74,34,H&eacute;rault,1
74,35,IlleetVilaine,1
74,36,Indre,1
74,37,IndreetLoire,1
74,38,Is&eacute;re,1
74,39,Jura,1
74,40,Landes,1
74,41,LoiretCher,1
74,42,Loire,1
74,43,HauteLoire,1
74,44,LoireAtlantique,1
74,45,Loiret,1
74,46,Lot,1
74,47,LotetGaronne,1
74,48,Loz&egrave;re,1
74,49,MaineetLoire,1
74,50,Manche,1
74,51,Marne,1
74,52,HauteMarne,1
74,53,Mayenne,1
74,54,MeurtheetMoselle,1
74,55,Meuse,1
74,56,Morbihan,1
74,57,Moselle,1
74,58,Ni&egrave;vre,1
74,59,Nord,1
74,60,Oise,1
74,61,Orne,1
74,62,PasdeCalais,1
74,63,PuydeD&ocirc;me,1
74,64,Pyr&eacute;n&eacute;esAtlantiques,1
74,65,HautesPyr&eacute;n&eacute;es,1
74,66,Pyr&eacute;n&eacute;esOrientales,1
74,67,BasRhin,1
74,68,HautRhin,1
74,69,Rh&ocirc;ne,1
74,70,HauteSa&ocirc;ne,1
74,71,Sa&ocirc;neetLoire,1
74,72,Sarthe,1
74,73,Savoie,1
74,74,HauteSavoie,1
74,75,Paris,1
74,76,SeineMaritime,1
74,77,SeineetMarne,1
74,78,Yvelines,1
74,79,DeuxS&egrave;vres,1
74,80,Somme,1
74,81,Tarn,1
74,82,TarnetGaronne,1
74,83,Var,1
74,84,Vaucluse,1
74,85,Vend&eacute;e,1
74,86,Vienne,1
74,87,HauteVienne,1
74,88,Vosges,1
74,89,Yonne,1
74,90,TerritoiredeBelfort,1
74,91,Essonne,1
74,92,HautsdeSeine,1
74,93,SeineSt-Denis,1
74,94,ValdeMarne,1
74,95,ValdOise,1
76,M,ArchipeldesMarquises,1
76,T,ArchipeldesTuamotu,1
76,I,ArchipeldesTubuai,1
76,V,IlesduVent,1
76,S,IlesSous-le-Vent,1
77,C,IlesCrozet,1
77,K,IlesKerguelen,1
77,A,IleAmsterdam,1
77,P,IleSaint-Paul,1
77,D,AdelieLand,1
78,ES,Estuaire,1
78,HO,Haut-Ogooue,1
78,MO,Moyen-Ogooue,1
78,NG,Ngounie,1
78,NY,Nyanga,1
78,OI,Ogooue-Ivindo,1
78,OL,Ogooue-Lolo,1
78,OM,Ogooue-Maritime,1
78,WN,Woleu-Ntem,1
79,BJ,Banjul,1
79,BS,Basse,1
79,BR,Brikama,1
79,JA,Janjangbure,1
79,KA,Kanifeng,1
79,KE,Kerewan,1
79,KU,Kuntaur,1
79,MA,Mansakonko,1
79,LR,LowerRiver,1
79,CR,CentralRiver,1
79,NB,NorthBank,1
79,UR,UpperRiver,1
79,WE,Western,1
80,AB,Abkhazia,1
80,AJ,Ajaria,1
80,TB,Tbilisi,1
80,GU,Guria,1
80,IM,Imereti,1
80,KA,Kakheti,1
80,KK,KvemoKartli,1
80,MM,Mtskheta-Mtianeti,1
80,RL,RachaLechkhumiandKvemoSvanet,1
80,SZ,Samegrelo-ZemoSvaneti,1
80,SJ,Samtskhe-Javakheti,1
80,SK,ShidaKartli,1
81,BAW,Baden-W&uuml;rttemberg,1
81,BAY,Bayern,1
81,BER,Berlin,1
81,BRG,Brandenburg,1
81,BRE,Bremen,1
81,HAM,Hamburg,1
81,HES,Hessen,1
81,MEC,Mecklenburg-Vorpommern,1
81,NDS,Niedersachsen,1
81,NRW,Nordrhein-Westfalen,1
81,RHE,Rheinland-Pfalz,1
81,SAR,Saarland,1
81,SAS,Sachsen,1
81,SAC,Sachsen-Anhalt,1
81,SCN,Schleswig-Holstein,1
81,THE,Th&uuml;ringen,1
82,AS,AshantiRegion,1
82,BA,Brong-AhafoRegion,1
82,CE,CentralRegion,1
82,EA,EasternRegion,1
82,GA,GreaterAccraRegion,1
82,NO,NorthernRegion,1
82,UE,UpperEastRegion,1
82,UW,UpperWestRegion,1
82,VO,VoltaRegion,1
82,WE,WesternRegion,1
84,AT,Attica,1
84,CN,CentralGreece,1
84,CM,CentralMacedonia,1
84,CR,Crete,1
84,EM,EastMacedoniaandThrace,1
84,EP,Epirus,1
84,II,IonianIslands,1
84,NA,NorthAegean,1
84,PP,Peloponnesos,1
84,SA,SouthAegean,1
84,TH,Thessaly,1
84,WG,WestGreece,1
84,WM,WestMacedonia,1
85,A,Avannaa,1
85,T,Tunu,1
85,K,Kitaa,1
86,A,SaintAndrew,1
86,D,SaintDavid,1
86,G,SaintGeorge,1
86,J,SaintJohn,1
86,M,SaintMark,1
86,P,SaintPatrick,1
86,C,Carriacou,1
86,Q,PetitMartinique,1
89,AV,AltaVerapaz,1
89,BV,BajaVerapaz,1
89,CM,Chimaltenango,1
89,CQ,Chiquimula,1
89,PE,ElPeten,1
89,PR,ElProgreso,1
89,QC,ElQuiche,1
89,ES,Escuintla,1
89,GU,Guatemala,1
89,HU,Huehuetenango,1
89,IZ,Izabal,1
89,JA,Jalapa,1
89,JU,Jutiapa,1
89,QZ,Quetzaltenango,1
89,RE,Retalhuleu,1
89,ST,Sacatepequez,1
89,SM,SanMarcos,1
89,SR,SantaRosa,1
89,SO,Solola,1
89,SU,Suchitepequez,1
89,TO,Totonicapan,1
89,ZA,Zacapa,1
90,CNK,Conakry,1
90,BYL,Beyla,1
90,BFA,Boffa,1
90,BOK,Boke,1
90,COY,Coyah,1
90,DBL,Dabola,1
90,DLB,Dalaba,1
90,DGR,Dinguiraye,1
90,DBR,Dubreka,1
90,FRN,Faranah,1
90,FRC,Forecariah,1
90,FRI,Fria,1
90,GAO,Gaoual,1
90,GCD,Gueckedou,1
90,KNK,Kankan,1
90,KRN,Kerouane,1
90,KND,Kindia,1
90,KSD,Kissidougou,1
90,KBA,Koubia,1
90,KDA,Koundara,1
90,KRA,Kouroussa,1
90,LAB,Labe,1
90,LLM,Lelouma,1
90,LOL,Lola,1
90,MCT,Macenta,1
90,MAL,Mali,1
90,MAM,Mamou,1
90,MAN,Mandiana,1
90,NZR,Nzerekore,1
90,PIT,Pita,1
90,SIG,Siguiri,1
90,TLM,Telimele,1
90,TOG,Tougue,1
90,YOM,Yomou,1
91,BF,BafataRegion,1
91,BB,BiomboRegion,1
91,BS,BissauRegion,1
91,BL,BolamaRegion,1
91,CA,CacheuRegion,1
91,GA,GabuRegion,1
91,OI,OioRegion,1
91,QU,QuinaraRegion,1
91,TO,TombaliRegion,1
92,BW,Barima-Waini,1
92,CM,Cuyuni-Mazaruni,1
92,DM,Demerara-Mahaica,1
92,EC,EastBerbice-Corentyne,1
92,EW,EssequiboIslands-WestDemerara,1
92,MB,Mahaica-Berbice,1
92,PM,Pomeroon-Supenaam,1
92,PI,Potaro-Siparuni,1
92,UD,UpperDemerara-Berbice,1
92,UT,UpperTakutu-UpperEssequibo,1
93,AR,Artibonite,1
93,CE,Centre,1
93,GA,GrandAnse,1
93,ND,Nord,1
93,NE,Nord-Est,1
93,NO,Nord-Ouest,1
93,OU,Ouest,1
93,SD,Sud,1
93,SE,Sud-Est,1
94,F,FlatIsland,1
94,M,McDonaldIsland,1
94,S,ShagIsland,1
94,H,HeardIsland,1
95,AT,Atlantida,1
95,CH,Choluteca,1
95,CL,Colon,1
95,CM,Comayagua,1
95,CP,Copan,1
95,CR,Cortes,1
95,PA,ElParaiso,1
95,FM,FranciscoMorazan,1
95,GD,GraciasaDios,1
95,IN,Intibuca,1
95,IB,IslasdelaBahiaBayIslands),1
95,PZ,LaPaz,1
95,LE,Lempira,1
95,OC,Ocotepeque,1
95,OL,Olancho,1
95,SB,SantaBarbara,1
95,VA,Valle,1
95,YO,Yoro,1
96,HCW,CentralandWesternHongKongIsland,1
96,HEA,EasternHongKongIsland,1
96,HSO,SouthernHongKongIsland,1
96,HWC,WanChaiHongKongIsland,1
96,KKC,KowloonCityKowloon,1
96,KKT,KwunTongKowloon,1
96,KSS,ShamShuiPoKowloon,1
96,KWT,WongTaiSinKowloon,1
96,KYT,YauTsimMongKowloon,1
96,NIS,IslandsNewTerritories,1
96,NKT,KwaiTsingNewTerritories,1
96,NNO,NorthNewTerritories,1
96,NSK,SaiKungNewTerritories,1
96,NST,ShaTinNewTerritories,1
96,NTP,TaiPoNewTerritories,1
96,NTW,TsuenWanNewTerritories,1
96,NTM,TuenMunNewTerritories,1
96,NYL,YuenLongNewTerritories,1
97,BK,Bacs-Kiskun,1
97,BA,Baranya,1
97,BE,Bekes,1
97,BS,Bekescsaba,1
97,BZ,Borsod-Abauj-Zemplen,1
97,BU,Budapest,1
97,CS,Csongrad,1
97,DE,Debrecen,1
97,DU,Dunaujvaros,1
97,EG,Eger,1
97,FE,Fejer,1
97,GY,Gyor,1
97,GM,Gyor-Moson-Sopron,1
97,HB,Hajdu-Bihar,1
97,HE,Heves,1
97,HO,Hodmezovasarhely,1
97,JN,Jasz-Nagykun-Szolnok,1
97,KA,Kaposvar,1
97,KE,Kecskemet,1
97,KO,Komarom-Esztergom,1
97,MI,Miskolc,1
97,NA,Nagykanizsa,1
97,NO,Nograd,1
97,NY,Nyiregyhaza,1
97,PE,Pecs,1
97,PS,Pest,1
97,SO,Somogy,1
97,SP,Sopron,1
97,SS,Szabolcs-Szatmar-Bereg,1
97,SZ,Szeged,1
97,SE,Szekesfehervar,1
97,SL,Szolnok,1
97,SM,Szombathely,1
97,TA,Tatabanya,1
97,TO,Tolna,1
97,VA,Vas,1
97,VE,Veszprem,1
97,ZA,Zala,1
97,ZZ,Zalaegerszeg,1
98,AL,Austurland,1
98,HF,Hofuoborgarsvaeoi,1
98,NE,Norourlandeystra,1
98,NV,Norourlandvestra,1
98,SL,Suourland,1
98,SN,Suournes,1
98,VF,Vestfiroir,1
98,VL,Vesturland,1
99,AN,AndamanandNicobarIslands,1
99,AP,AndhraPradesh,1
99,AR,ArunachalPradesh,1
99,AS,Assam,1
99,BI,Bihar,1
99,CH,Chandigarh,1
99,DA,DadraandNagarHaveli,1
99,DM,DamanandDiu,1
99,DE,Delhi,1
99,GO,Goa,1
99,GU,Gujarat,1
99,HA,Haryana,1
99,HP,HimachalPradesh,1
99,JA,JammuandKashmir,1
99,KA,Karnataka,1
99,KE,Kerala,1
99,LI,LakshadweepIslands,1
99,MP,MadhyaPradesh,1
99,MA,Maharashtra,1
99,MN,Manipur,1
99,ME,Meghalaya,1
99,MI,Mizoram,1
99,NA,Nagaland,1
99,OR,Orissa,1
99,PO,Pondicherry,1
99,PU,Punjab,1
99,RA,Rajasthan,1
99,SI,Sikkim,1
99,TN,TamilNadu,1
99,TR,Tripura,1
99,UP,UttarPradesh,1
99,WB,WestBengal,1
100,AC,Aceh,1
100,BA,Bali,1
100,BT,Banten,1
100,BE,Bengkulu,1
100,BD,BoDeTaBek,1
100,GO,Gorontalo,1
100,JK,JakartaRaya,1
100,JA,Jambi,1
100,JB,JawaBarat,1
100,JT,JawaTengah,1
100,JI,JawaTimur,1
100,KB,KalimantanBarat,1
100,KS,KalimantanSelatan,1
100,KT,KalimantanTengah,1
100,KI,KalimantanTimur,1
100,BB,KepulauanBangkaBelitung,1
100,LA,Lampung,1
100,MA,Maluku,1
100,MU,MalukuUtara,1
100,NB,NusaTenggaraBarat,1
100,NT,NusaTenggaraTimur,1
100,PA,Papua,1
100,RI,Riau,1
100,SN,SulawesiSelatan,1
100,ST,SulawesiTengah,1
100,SG,SulawesiTenggara,1
100,SA,SulawesiUtara,1
100,SB,SumateraBarat,1
100,SS,SumateraSelatan,1
100,SU,SumateraUtara,1);
100,YO,Yogyakarta,1
101,TEH,Tehran,1
101,QOM,Qom,1
101,MKZ,Markazi,1
101,QAZ,Qazvin,1
101,GIL,Gilan,1
101,ARD,Ardabil,1
101,ZAN,Zanjan,1
101,EAZ,EastAzarbaijan,1
101,WEZ,WestAzarbaijan,1
101,KRD,Kurdistan,1
101,HMD,Hamadan,1
101,KRM,Kermanshah,1
101,ILM,Ilam,1
101,LRS,Lorestan,1
101,KZT,Khuzestan,1
101,CMB,ChaharMahaalandBakhtiari,1
101,KBA,KohkiluyehandBuyerAhmad,1
101,BSH,Bushehr,1
101,FAR,Fars,1
101,HRM,Hormozgan,1
101,SBL,SistanandBaluchistan,1
101,KRB,Kerman,1
101,YZD,Yazd,1
101,EFH,Esfahan,1
101,SMN,Semnan,1
101,MZD,Mazandaran,1
101,GLS,Golestan,1
101,NKH,NorthKhorasan,1
101,RKH,RazaviKhorasan,1
101,SKH,SouthKhorasan,1
102,BD,Baghdad,1
102,SD,SalahadDin,1
102,DY,Diyala,1
102,WS,Wasit,1
102,MY,Maysan,1
102,BA,AlBasrah,1
102,DQ,DhiQar,1
102,MU,AlMuthanna,1
102,QA,AlQadisyah,1
102,BB,Babil,1
102,KB,AlKarbala,1
102,NJ,AnNajaf,1
102,AB,AlAnbar,1
102,NN,Ninawa,1
102,DH,Dahuk,1
102,AL,Arbil,1
102,TM,AtTamim,1
102,SL,AsSulaymaniyah,1
103,CA,Carlow,1
103,CV,Cavan,1
103,CL,Clare,1
103,CO,Cork,1
103,DO,Donegal,1
103,DU,Dublin,1
103,GA,Galway,1
103,KE,Kerry,1
103,KI,Kildare,1
103,KL,Kilkenny,1
103,LA,Laois,1
103,LE,Leitrim,1
103,LI,Limerick,1
103,LO,Longford,1
103,LU,Louth,1
103,MA,Mayo,1
103,ME,Meath,1
103,MO,Monaghan,1
103,OF,Offaly,1
103,RO,Roscommon,1
103,SL,Sligo,1
103,TI,Tipperary,1
103,WA,Waterford,1
103,WE,Westmeath,1
103,WX,Wexford,1
103,WI,Wicklow,1
104,BS,BeerSheva,1
104,BH,BikaatHayarden,1
104,EA,EilatandArava,1
104,GA,Galil,1
104,HA,Haifa,1
104,JM,JehudaMountains,1
104,JE,Jerusalem,1
104,NE,Negev,1
104,SE,Semaria,1
104,SH,Sharon,1
104,TA,TelAvivGoshDan),1
105,CL,Caltanissetta,1
105,AG,Agrigento,1
105,AL,Alessandria,1
105,AN,Ancona,1
105,AO,Aosta,1
105,AR,Arezzo,1
105,AP,AscoliPiceno,1
105,AT,Asti,1
105,AV,Avellino,1
105,BA,Bari,1
105,BL,Belluno,1
105,BN,Benevento,1
105,BG,Bergamo,1
105,BI,Biella,1
105,BO,Bologna,1
105,BZ,Bolzano,1
105,BS,Brescia,1
105,BR,Brindisi,1
105,CA,Cagliari,1
106,CLA,ClarendonParish,1
106,HAN,HanoverParish,1
106,KIN,KingstonParish,1
106,MAN,ManchesterParish,1
106,POR,PortlandParish,1
106,AND,SaintAndrewParish,1
106,ANN,SaintAnnParish,1
106,CAT,SaintCatherineParish,1
106,ELI,SaintElizabethParish,1
106,JAM,SaintJamesParish,1
106,MAR,SaintMaryParish,1
106,THO,SaintThomasParish,1
106,TRL,TrelawnyParish,1
106,WML,WestmorelandParish,1
107,AI,Aichi,1
107,AK,Akita,1
107,AO,Aomori,1
107,CH,Chiba,1
107,EH,Ehime,1
107,FK,Fukui,1
107,FU,Fukuoka,1
107,FS,Fukushima,1
107,GI,Gifu,1
107,GU,Gumma,1
107,HI,Hiroshima,1
107,HO,Hokkaido,1
107,HY,Hyogo,1
107,IB,Ibaraki,1
107,IS,Ishikawa,1
107,IW,Iwate,1
107,KA,Kagawa,1
107,KG,Kagoshima,1
107,KN,Kanagawa,1
107,KO,Kochi,1
107,KU,Kumamoto,1
107,KY,Kyoto,1
107,MI,Mie,1
107,MY,Miyagi,1
107,MZ,Miyazaki,1
107,NA,Nagano,1
107,NG,Nagasaki,1
107,NR,Nara,1
107,NI,Niigata,1
107,OI,Oita,1
107,OK,Okayama,1
107,ON,Okinawa,1
107,OS,Osaka,1
107,SA,Saga,1
107,SI,Saitama,1
107,SH,Shiga,1
107,SM,Shimane,1
107,SZ,Shizuoka,1
107,TO,Tochigi,1
107,TS,Tokushima,1
107,TK,Tokyo,1
107,TT,Tottori,1
107,TY,Toyama,1
107,WA,Wakayama,1
107,YA,Yamagata,1
107,YM,Yamaguchi,1
107,YN,Yamanashi,1
108,AM,Amman,1
108,AJ,Ajlun,1
108,AA,AlAqabah,1
108,AB,AlBalqa,1
108,AK,AlKarak,1
108,AL,AlMafraq,1
108,AT,AtTafilah,1
108,AZ,AzZarqa,1
108,IR,Irbid,1
108,JA,Jarash,1
108,MA,Maan,1
108,MD,Madaba,1
109,AL,Almaty,1
109,AC,AlmatyCity,1
109,AM,Aqmola,1
109,AQ,Aqtobe,1
109,AS,AstanaCity,1
109,AT,Atyrau,1
109,BA,BatysQazaqstan,1
109,BY,BayqongyrCity,1
109,MA,Mangghystau,1
109,ON,OngtustikQazaqstan,1
109,PA,Pavlodar,1
109,QA,Qaraghandy,1
109,QO,Qostanay,1
109,QY,Qyzylorda,1
109,SH,ShyghysQazaqstan,1
109,SO,SoltustikQazaqstan,1
109,ZH,Zhambyl,1
110,CE,Central,1
110,CO,Coast,1
110,EA,Eastern,1
110,NA,NairobiArea,1
110,NE,NorthEastern,1
110,NY,Nyanza,1
110,RV,RiftValley,1
110,WE,Western,1
111,AG,Abaiang,1
111,AM,Abemama,1
111,AK,Aranuka,1
111,AO,Arorae,1
111,BA,Banaba,1
111,BE,Beru,1
111,bT,Butaritari,1
111,KA,Kanton,1
111,KR,Kiritimati,1
111,KU,Kuria,1
111,MI,Maiana,1
111,MN,Makin,1
111,ME,Marakei,1
111,NI,Nikunau,1
111,NO,Nonouti,1
111,ON,Onotoa,1
111,TT,Tabiteuea,1
111,TR,Tabuaeran,1
111,TM,Tamana,1
111,TW,Tarawa,1
111,TE,Teraina,1
112,CHA,Chagang-do,1
112,HAB,Hamgyong-bukto,1
112,HAN,Hamgyong-namdo,1
112,HWB,Hwanghae-bukto,1
112,HWN,Hwanghae-namdo,1
112,KAN,Kangwon-do,1
112,PYB,Pyongan-bukto,1
112,PYN,Pyongan-namdo,1
112,YAN,Ryanggang-doYanggang-do),1
112,NAJ,RasonDirectlyGovernedCity,1
112,PYO,PyongyangSpecialCity,1
113,CO,Chungchong-bukto,1
113,CH,Chungchong-namdo,1
113,CD,Cheju-do,1
113,CB,Cholla-bukto,1
113,CN,Cholla-namdo,1
113,IG,Inchon-gwangyoksi,1
113,KA,Kangwon-do,1
113,KG,Kwangju-gwangyoksi,1
113,KD,Kyonggi-do,1
113,KB,Kyongsang-bukto,1
113,KN,Kyongsang-namdo,1
113,PG,Pusan-gwangyoksi,1
113,SO,Soul-tukpyolsi,1
113,TA,Taegu-gwangyoksi,1
113,TG,Taejon-gwangyoksi,1
114,AL,AlAsimah,1
114,AA,AlAhmadi,1
114,AF,AlFarwaniyah,1
114,AJ,AlJahra,1
114,HA,Hawalli,1
115,GB,Bishkek,1
115,B,Batken,1
115,C,Chu,1
115,J,Jalal-Abad,1
115,N,Naryn,1
115,O,Osh,1
115,T,Talas,1
115,Y,Ysyk-Kol,1
116,VT,Vientiane,1
116,AT,Attapu,1
116,BK,Bokeo,1
116,BL,Bolikhamxai,1
116,CH,Champasak,1
116,HO,Houaphan,1
116,KH,Khammouan,1
116,LM,LouangNamtha,1
116,LP,Louangphabang,1
116,OU,Oudomxai,1
116,PH,Phongsali,1
116,SL,Salavan,1
116,SV,Savannakhet,1
116,VI,Vientiane,1
116,XA,Xaignabouli,1
116,XE,Xekong,1
116,XI,Xiangkhoang,1
116,XN,Xaisomboun,1
119,BE,Berea,1
119,BB,Butha-Buthe,1
119,LE,Leribe,1
119,MF,Mafeteng,1
119,MS,Maseru,1
119,MH,MohalesHoek,1
119,MK,Mokhotlong,1
119,QN,QachasNek,1
119,QT,Quthing,1
119,TT,Thaba-Tseka,1
120,BI,Bomi,1
120,BG,Bong,1
120,GB,GrandBassa,1
120,CM,GrandCapeMount,1
120,GG,GrandGedeh,1
120,GK,GrandKru,1
120,LO,Lofa,1
120,MG,Margibi,1
120,ML,Maryland,1
120,MS,Montserrado,1
120,NB,Nimba,1
120,RC,RiverCess,1
120,SN,Sinoe,1
121,AJ,Ajdabiya,1
121,AZ,AlAziziyah,1
121,FA,AlFatih,1
121,JA,AlJabalalAkhdar,1
121,JU,AlJufrah,1
121,KH,AlKhums,1
121,KU,AlKufrah,1
121,NK,AnNuqatalKhams,1
121,AS,AshShati,1
121,AW,Awbari,1
121,ZA,AzZawiyah,1
121,BA,Banghazi,1
121,DA,Darnah,1
121,GD,Ghadamis,1
121,GY,Gharyan,1
121,MI,Misratah,1
121,MZ,Murzuq,1
121,SB,Sabha,1
121,SW,Sawfajjin,1
121,SU,Surt,1
121,TL,TarabulusTripoli),1
121,TH,Tarhunah,1
121,TU,Tubruq,1
121,YA,Yafran,1
121,ZL,Zlitan,1
122,V,Vaduz,1
122,A,Schaan,1
122,B,Balzers,1
122,N,Triesen,1
122,E,Eschen,1
122,M,Mauren,1
122,T,Triesenberg,1
122,R,Ruggell,1
122,G,Gamprin,1
122,L,Schellenberg,1
122,P,Planken,1
123,AL,Alytus,1
123,KA,Kaunas,1
123,KL,Klaipeda,1
123,MA,Marijampole,1
123,PA,Panevezys,1
123,SI,Siauliai,1
123,TA,Taurage,1
123,TE,Telsiai,1
123,UT,Utena,1
123,VI,Vilnius,1
124,DD,Diekirch,1
124,DC,Clervaux,1
124,DR,Redange,1
124,DV,Vianden,1
124,DW,Wiltz,1
124,GG,Grevenmacher,1
124,GE,Echternach,1
124,GR,Remich,1
124,LL,Luxembourg,1
124,LC,Capellen,1
124,LE,Esch-sur-Alzette,1
124,LM,Mersch,1
125,OLF,OurLadyFatimaParish,1
125,ANT,St.AnthonyParish,1
125,LAZ,St.LazarusParish,1
125,CAT,CathedralParish,1
125,LAW,St.LawrenceParish,1
127,AN,Antananarivo,1
127,AS,Antsiranana,1
127,FN,Fianarantsoa,1
127,MJ,Mahajanga,1
127,TM,Toamasina,1
127,TL,Toliara,1
128,BLK,Balaka,1
128,BLT,Blantyre,1
128,CKW,Chikwawa,1
128,CRD,Chiradzulu,1
128,CTP,Chitipa,1
128,DDZ,Dedza,1
128,DWA,Dowa,1
128,KRG,Karonga,1
128,KSG,Kasungu,1
128,LKM,Likoma,1
128,LLG,Lilongwe,1
128,MCG,Machinga,1
128,MGC,Mangochi,1
128,MCH,Mchinji,1
128,MLJ,Mulanje,1
128,MWZ,Mwanza,1
128,MZM,Mzimba,1
128,NTU,Ntcheu,1
128,NKB,NkhataBay,1
128,NKH,Nkhotakota,1
128,NSJ,Nsanje,1
128,NTI,Ntchisi,1
128,PHL,Phalombe,1
128,RMP,Rumphi,1
128,SLM,Salima,1
128,THY,Thyolo,1
128,ZBA,Zomba,1
129,MY-01,Johor,1
129,MY-02,Kedah,1
129,MY-03,Kelantan,1
129,MY-15,Labuan,1
129,MY-04,Melaka,1
129,MY-05,NegeriSembilan,1
129,MY-06,Pahang,1
129,MY-08,Perak,1
129,MY-09,Perlis,1
129,MY-07,PulauPinang,1
129,MY-12,Sabah,1
129,MY-13,Sarawak,1
129,MY-10,Selangor,1
129,MY-11,Terengganu,1
129,MY-14,KualaLumpur,1
129,MY-16,Putrajaya,1
130,THU,ThiladhunmathiUthuru,1
130,THD,ThiladhunmathiDhekunu,1
130,MLU,MiladhunmaduluUthuru,1
130,MLD,MiladhunmaduluDhekunu,1
130,MAU,MaalhosmaduluUthuru,1
130,MAD,MaalhosmaduluDhekunu,1
130,FAA,Faadhippolhu,1
130,MAA,MaleAtoll,1
130,AAU,AriAtollUthuru,1
130,AAD,AriAtollDheknu,1
130,FEA,FelidheAtoll,1
130,MUA,MulakuAtoll,1
130,NAU,NilandheAtollUthuru,1
130,NAD,NilandheAtollDhekunu,1
130,KLH,Kolhumadulu,1
130,HDH,Hadhdhunmathi,1
130,HAU,HuvadhuAtollUthuru,1
130,HAD,HuvadhuAtollDhekunu,1
130,FMU,FuaMulaku,1
130,ADD,Addu,1
131,GA,Gao,1
131,KY,Kayes,1
131,KD,Kidal,1
131,KL,Koulikoro,1
131,MP,Mopti,1
131,SG,Segou,1
131,SK,Sikasso,1
131,TB,Tombouctou,1
131,CD,BamakoCapitalDistrict,1
132,ATT,Attard,1
132,BAL,Balzan,1
132,BGU,Birgu,1
132,BKK,Birkirkara,1
132,BRZ,Birzebbuga,1
132,BOR,Bormla,1
132,DIN,Dingli,1
132,FGU,Fgura,1
132,FLO,Floriana,1
132,GDJ,Gudja,1
132,GZR,Gzira,1
132,GRG,Gargur,1
132,GXQ,Gaxaq,1
132,HMR,Hamrun,1
132,IKL,Iklin,1
132,ISL,Isla,1
132,KLK,Kalkara,1
132,KRK,Kirkop,1
132,LIJ,Lija,1
132,LUQ,Luqa,1
132,MRS,Marsa,1
132,MKL,Marsaskala,1
132,MXL,Marsaxlokk,1
132,MDN,Mdina,1
132,MEL,Melliea,1
132,MGR,Mgarr,1
132,MST,Mosta,1
132,MQA,Mqabba,1
132,MSI,Msida,1
132,MTF,Mtarfa,1
132,NAX,Naxxar,1
132,PAO,Paola,1
132,PEM,Pembroke,1
132,PIE,Pieta,1
132,QOR,Qormi,1
132,QRE,Qrendi,1
132,RAB,Rabat,1
132,SAF,Safi,1
132,SGI,SanGiljan,1
132,SLU,SantaLucija,1
132,SPB,SanPawlil-Bahar,1
132,SGW,SanGwann,1
132,SVE,SantaVenera,1
132,SIG,Siggiewi,1
132,SLM,Sliema,1
132,SWQ,Swieqi,1
132,TXB,TaXbiex,1
132,TRX,Tarxien,1
132,VLT,Valletta,1
132,XGJ,Xgajra,1
132,ZBR,Zabbar,1
132,ZBG,Zebbug,1
132,ZJT,Zejtun,1
132,ZRQ,Zurrieq,1
132,FNT,Fontana,1
132,GHJ,Ghajnsielem,1
132,GHR,Gharb,1
132,GHS,Ghasri,1
132,KRC,Kercem,1
132,MUN,Munxar,1
132,NAD,Nadur,1
132,QAL,Qala,1
132,VIC,Victoria,1
132,SLA,SanLawrenz,1
132,SNT,Sannat,1
132,ZAG,Xagra,1
132,XEW,Xewkija,1
132,ZEB,Zebbug,1
133,ALG,Ailinginae,1
133,ALL,Ailinglaplap,1
133,ALK,Ailuk,1
133,ARN,Arno,1
133,AUR,Aur,1
133,BKR,Bikar,1
133,BKN,Bikini,1
133,BKK,Bokak,1
133,EBN,Ebon,1
133,ENT,Enewetak,1
133,EKB,Erikub,1
133,JBT,Jabat,1
133,JLT,Jaluit,1
133,JEM,Jemo,1
133,KIL,Kili,1
133,KWJ,Kwajalein,1
133,LAE,Lae,1
133,LIB,Lib,1
133,LKP,Likiep,1
133,MJR,Majuro,1
133,MLP,Maloelap,1
133,MJT,Mejit,1
133,MIL,Mili,1
133,NMK,Namorik,1
133,NAM,Namu,1
133,RGL,Rongelap,1
133,RGK,Rongrik,1
133,TOK,Toke,1
133,UJA,Ujae,1
133,UJL,Ujelang,1
133,UTK,Utirik,1
133,WTH,Wotho,1
133,WTJ,Wotje,1
135,AD,Adrar,1
135,AS,Assaba,1
135,BR,Brakna,1
135,DN,DakhletNouadhibou,1
135,GO,Gorgol,1
135,GM,Guidimaka,1
135,HC,HodhEchChargui,1
135,HG,HodhElGharbi,1
135,IN,Inchiri,1
135,TA,Tagant,1
135,TZ,TirisZemmour,1
135,TR,Trarza,1
135,NO,Nouakchott,1
136,BR,BeauBassin-RoseHill,1
136,CU,Curepipe,1
136,PU,PortLouis,1
136,QB,QuatreBornes,1
136,VP,Vacoas-Phoenix,1
136,AG,AgalegaIslands,1
136,CC,CargadosCarajosShoalsSaintBrandonIslands),1
136,RO,Rodrigues,1
136,BL,BlackRiver,1
136,FL,Flacq,1
136,GP,GrandPort,1
136,MO,Moka,1
136,PA,Pamplemousses,1
136,PW,PlainesWilhems,1
136,PL,PortLouis,1
136,RR,RiviereduRempart,1
136,SA,Savanne,1
138,BN,BajaCaliforniaNorte,1
138,BS,BajaCaliforniaSur,1
138,CA,Campeche,1
138,CI,Chiapas,1
138,CH,Chihuahua,1
138,CZ,CoahuiladeZaragoza,1
138,CL,Colima,1
138,DF,DistritoFederal,1
138,DU,Durango,1
138,GA,Guanajuato,1
138,GE,Guerrero,1
138,HI,Hidalgo,1
138,JA,Jalisco,1
138,ME,Mexico,1
138,MI,MichoacandeOcampo,1
138,MO,Morelos,1
138,NA,Nayarit,1
138,NL,NuevoLeon,1
138,OA,Oaxaca,1
138,PU,Puebla,1
138,QA,QueretarodeArteaga,1
138,QR,QuintanaRoo,1
138,SA,SanLuisPotosi,1
138,SI,Sinaloa,1
138,SO,Sonora,1
138,TB,Tabasco,1
138,TM,Tamaulipas,1
138,TL,Tlaxcala,1
138,VE,Veracruz-Llave,1
138,YU,Yucatan,1
138,ZA,Zacatecas,1
139,C,Chuuk,1
139,K,Kosrae,1
139,P,Pohnpei,1
139,Y,Yap,1
140,GA,Gagauzia,1
140,CU,Chisinau,1
140,BA,Balti,1
140,CA,Cahul,1
140,ED,Edinet,1
140,LA,Lapusna,1
140,OR,Orhei,1
140,SO,Soroca,1
140,TI,Tighina,1
140,UN,Ungheni,1
140,SN,St‚ngaNistrului,1
141,FV,Fontvieille,1
141,LC,LaCondamine,1
141,MV,Monaco-Ville,1
141,MC,Monte-Carlo,1
142,1,Ulanbaatar,1
142,035,Orhon,1
142,037,Darhanuul,1
142,039,Hentiy,1
142,041,Hovsgol,1
142,043,Hovd,1
142,046,Uvs,1
142,047,Tov,1
142,049,Selenge,1
142,051,Suhbaatar,1
142,053,Omnogovi,1
142,055,Ovorhangay,1
142,057,Dzavhan,1
142,059,DundgovL,1
142,061,Dornod,1
142,063,Dornogov,1
142,064,Govi-Sumber,1
142,065,Govi-Altay,1
142,067,Bulgan,1
142,069,Bayanhongor,1
142,071,Bayan-Olgiy,1
142,073,Arhangay,1
143,A,SaintAnthony,1
143,G,SaintGeorges,1
143,P,SaintPeter,1
144,AGD,Agadir,1
144,HOC,AlHoceima,1
144,AZI,Azilal,1
144,BME,BeniMellal,1
144,BSL,BenSlimane,1
144,BLM,Boulemane,1
144,CBL,Casablanca,1
144,CHA,Chaouen,1
144,EJA,ElJadida,1
144,EKS,ElKelaadesSraghna,1
144,ERA,ErRachidia,1
144,ESS,Essaouira,1
144,FES,Fes,1
144,FIG,Figuig,1
144,GLM,Guelmim,1
144,IFR,Ifrane,1
144,KEN,Kenitra,1
144,KHM,Khemisset,1
144,KHN,Khenifra,1
144,KHO,Khouribga,1
144,LYN,Laayoune,1
144,LAR,Larache,1
144,MRK,Marrakech,1
144,MKN,Meknes,1
144,NAD,Nador,1
144,ORZ,Ouarzazate,1
144,OUJ,Oujda,1
144,RSA,Rabat-Sale,1
144,SAF,Safi,1
144,SET,Settat,1
144,SKA,SidiKacem,1
144,TGR,Tangier,1
144,TAN,Tan-Tan,1
144,TAO,Taounate,1
144,TRD,Taroudannt,1
144,TAT,Tata,1
144,TAZ,Taza,1
144,TET,Tetouan,1
144,TIZ,Tiznit,1
144,ADK,AdDakhla,1
144,BJD,Boujdour,1
144,ESM,EsSmara,1
145,CD,CaboDelgado,1
145,GZ,Gaza,1
145,IN,Inhambane,1
145,MN,Manica,1
145,MC,Maputocity),1
145,MP,Maputo,1
145,NA,Nampula,1
145,NI,Niassa,1
145,SO,Sofala,1
145,TE,Tete,1
145,ZA,Zambezia,1
146,AY,Ayeyarwady,1
146,BG,Bago,1
146,MG,Magway,1
146,MD,Mandalay,1
146,SG,Sagaing,1
146,TN,Tanintharyi,1
146,YG,Yangon,1
146,CH,ChinState,1
146,KC,KachinState,1
146,KH,KayahState,1
146,KN,KayinState,1
146,MN,MonState,1
146,RK,RakhineState,1
146,SH,ShanState,1
147,CA,Caprivi,1
147,ER,Erongo,1
147,HA,Hardap,1
147,KR,Karas,1
147,KV,Kavango,1
147,KH,Khomas,1
147,KU,Kunene,1
147,OW,Ohangwena,1
147,OK,Omaheke,1
147,OT,Omusati,1
147,ON,Oshana,1
147,OO,Oshikoto,1
147,OJ,Otjozondjupa,1
148,AO,Aiwo,1
148,AA,Anabar,1
148,AT,Anetan,1
148,AI,Anibare,1
148,BA,Baiti,1
148,BO,Boe,1
148,BU,Buada,1
148,DE,Denigomodu,1
148,EW,Ewa,1
148,IJ,Ijuw,1
148,ME,Meneng,1
148,NI,Nibok,1
148,UA,Uaboe,1
148,YA,Yaren,1
149,BA,Bagmati,1
149,BH,Bheri,1
149,DH,Dhawalagiri,1
149,GA,Gandaki,1
149,JA,Janakpur,1
149,KA,Karnali,1
149,KO,Kosi,1
149,LU,Lumbini,1
149,MA,Mahakali,1
149,ME,Mechi,1
149,NA,Narayani,1
149,RA,Rapti,1
149,SA,Sagarmatha,1
149,SE,Seti,1
150,DR,Drenthe,1
150,FL,Flevoland,1
150,FR,Friesland,1
150,GE,Gelderland,1
150,GR,Groningen,1
150,LI,Limburg,1
150,NB,NoordBrabant,1
150,NH,NoordHolland,1
150,OV,Overijssel,1
150,UT,Utrecht,1
150,ZE,Zeeland,1
150,ZH,ZuidHolland,1
152,L,IlesLoyaute,1
152,N,Nord,1
152,S,Sud,1
153,AUK,Auckland,1
153,BOP,BayofPlenty,1
153,CAN,Canterbury,1
153,COR,Coromandel,1
153,GIS,Gisborne,1
153,FIO,Fiordland,1
153,HKB,HawkesBay,1
153,MBH,Marlborough,1
153,MWT,Manawatu-Wanganui,1
153,MCM,MtCook-Mackenzie,1
153,NSN,Nelson,1
153,NTL,Northland,1
153,OTA,Otago,1
153,STL,Southland,1
153,TKI,Taranaki,1
153,WGN,Wellington,1
153,WKO,Waikato,1
153,WAI,Wairarapa,1
153,WTC,WestCoast,1
154,AN,AtlanticoNorte,1
154,AS,AtlanticoSur,1
154,BO,Boaco,1
154,CA,Carazo,1
154,CI,Chinandega,1
154,CO,Chontales,1
154,ES,Esteli,1
154,GR,Granada,1
154,JI,Jinotega,1
154,LE,Leon,1
154,MD,Madriz,1
154,MN,Managua,1
154,MS,Masaya,1
154,MT,Matagalpa,1
154,NS,NuevoSegovia,1
154,RS,RioSanJuan,1
154,RI,Rivas,1
155,AG,Agadez,1
155,DF,Diffa,1
155,DS,Dosso,1
155,MA,Maradi,1
155,NM,Niamey,1
155,TH,Tahoua,1
155,TL,Tillaberi,1
155,ZD,Zinder,1
156,AB,Abia,1
156,CT,AbujaFederalCapitalTerritory,1
156,AD,Adamawa,1
156,AK,AkwaIbom,1
156,AN,Anambra,1
156,BC,Bauchi,1
156,BY,Bayelsa,1
156,BN,Benue,1
156,BO,Borno,1
156,CR,CrossRiver,1
156,DE,Delta,1
156,EB,Ebonyi,1
156,ED,Edo,1
156,EK,Ekiti,1
156,EN,Enugu,1
156,GO,Gombe,1
156,IM,Imo,1
156,JI,Jigawa,1
156,KD,Kaduna,1
156,KN,Kano,1
156,KT,Katsina,1
156,KE,Kebbi,1
156,KO,Kogi,1
156,KW,Kwara,1
156,LA,Lagos,1
156,NA,Nassarawa,1
156,NI,Niger,1
156,OG,Ogun,1
156,ONG,Ondo,1
156,OS,Osun,1
156,OY,Oyo,1
156,PL,Plateau,1
156,RI,Rivers,1
156,SO,Sokoto,1
156,TA,Taraba,1
156,YO,Yobe,1
156,ZA,Zamfara,1
159,N,NorthernIslands,1
159,R,Rota,1
159,S,Saipan,1
159,T,Tinian,1
160,AK,Akershus,1
160,AA,Aust-Agder,1
160,BU,Buskerud,1
160,FM,Finnmark,1
160,HM,Hedmark,1
160,HL,Hordaland,1
160,MR,MoreogRomdal,1
160,NT,Nord-Trondelag,1
160,NL,Nordland,1
160,OF,Ostfold,1
160,OP,Oppland,1
160,OL,Oslo,1
160,RL,Rogaland,1
160,ST,Sor-Trondelag,1
160,SJ,SognogFjordane,1
160,SV,Svalbard,1
160,TM,Telemark,1
160,TR,Troms,1
160,VA,Vest-Agder,1
160,VF,Vestfold,1
161,DA,AdDakhiliyah,1
161,BA,AlBatinah,1
161,WU,AlWusta,1
161,SH,AshSharqiyah,1
161,ZA,AzZahirah,1
161,MA,Masqat,1
161,MU,Musandam,1
161,ZU,Zufar,1
162,B,Balochistan,1
162,T,FederallyAdministeredTribalAreas,1
162,I,IslamabadCapitalTerritory,1
162,N,North-WestFrontier,1
162,P,Punjab,1
162,S,Sindh,1
163,AM,Aimeliik,1
163,AR,Airai,1
163,AN,Angaur,1
163,HA,Hatohobei,1
163,KA,Kayangel,1
163,KO,Koror,1
163,ME,Melekeok,1
163,NA,Ngaraard,1
163,NG,Ngarchelong,1
163,ND,Ngardmau,1
163,NT,Ngatpang,1
163,NC,Ngchesar,1
163,NR,Ngeremlengui,1
163,NW,Ngiwal,1
163,PE,Peleliu,1
163,SO,Sonsorol,1
164,BT,BocasdelToro,1
164,CH,Chiriqui,1
164,CC,Cocle,1
164,CL,Colon,1
164,DA,Darien,1
164,HE,Herrera,1
164,LS,LosSantos,1
164,PA,Panama,1
164,SB,SanBlas,1
164,VG,Veraguas,1
165,BV,Bougainville,1
165,CE,Central,1
165,CH,Chimbu,1
165,EH,EasternHighlands,1
165,EB,EastNewBritain,1
165,ES,EastSepik,1
165,EN,Enga,1
165,GU,Gulf,1
165,MD,Madang,1
165,MN,Manus,1
165,MB,MilneBay,1
165,MR,Morobe,1
165,NC,NationalCapital,1
165,NI,NewIreland,1
165,NO,Northern,1
165,SA,Sandaun,1
165,SH,SouthernHighlands,1
165,WE,Western,1
165,WH,WesternHighlands,1
165,WB,WestNewBritain,1
166,AG,AltoParaguay,1
166,AN,AltoParana,1
166,AM,Amambay,1
166,AS,Asuncion,1
166,BO,Boqueron,1
166,CG,Caaguazu,1
166,CZ,Caazapa,1
166,CN,Canindeyu,1
166,CE,Central,1
166,CC,Concepcion,1
166,CD,Cordillera,1
166,GU,Guaira,1
166,IT,Itapua,1
166,MI,Misiones,1
166,NE,Neembucu,1
166,PA,Paraguari,1
166,PH,PresidenteHayes,1
166,SP,SanPedro,1
167,AM,Amazonas,1
167,AN,Ancash,1
167,AP,Apurimac,1
167,AR,Arequipa,1
167,AY,Ayacucho,1
167,CJ,Cajamarca,1
167,CL,Callao,1
167,CU,Cusco,1
167,HV,Huancavelica,1
167,HO,Huanuco,1
167,IC,Ica,1
167,JU,Junin,1
167,LD,LaLibertad,1
167,LY,Lambayeque,1
167,LI,Lima,1
167,LO,Loreto,1
167,MD,MadredeDios,1
167,MO,Moquegua,1
167,PA,Pasco,1
167,PI,Piura,1
167,PU,Puno,1
167,SM,SanMartin,1
167,TA,Tacna,1
167,TU,Tumbes,1
167,UC,Ucayali,1
168,ABR,Abra,1
168,ANO,AgusandelNorte,1
168,ASU,AgusandelSur,1
168,AKL,Aklan,1
168,ALB,Albay,1
168,ANT,Antique,1
168,APY,Apayao,1
168,AUR,Aurora,1
168,BAS,Basilan,1
168,BTA,Bataan,1
168,BTE,Batanes,1
168,BTG,Batangas,1
168,BLR,Biliran,1
168,BEN,Benguet,1
168,BOL,Bohol,1
168,BUK,Bukidnon,1
168,BUL,Bulacan,1
168,CAG,Cagayan,1
168,CNO,CamarinesNorte,1
168,CSU,CamarinesSur,1
168,CAM,Camiguin,1
168,CAP,Capiz,1
168,CAT,Catanduanes,1
168,CAV,Cavite,1
168,CEB,Cebu,1
168,CMP,Compostela,1
168,DNO,DavaodelNorte,1
168,DSU,DavaodelSur,1
168,DOR,DavaoOriental,1
168,ESA,EasternSamar,1
168,GUI,Guimaras,1
168,IFU,Ifugao,1
168,INO,IlocosNorte,1
168,ISU,IlocosSur,1
168,ILO,Iloilo,1
168,ISA,Isabela,1
168,KAL,Kalinga,1
168,LAG,Laguna,1
168,LNO,LanaodelNorte,1
168,LSU,LanaodelSur,1
168,UNI,LaUnion,1
168,LEY,Leyte,1
168,MAG,Maguindanao,1
168,MRN,Marinduque,1
168,MSB,Masbate,1
168,MIC,MindoroOccidental,1
168,MIR,MindoroOriental,1
168,MSC,MisamisOccidental,1
168,MOR,MisamisOriental,1
168,MOP,Mountain,1
168,NOC,NegrosOccidental,1
168,NOR,NegrosOriental,1
168,NCT,NorthCotabato,1
168,NSM,NorthernSamar,1
168,NEC,NuevaEcija,1
168,NVZ,NuevaVizcaya,1
168,PLW,Palawan,1
168,PMP,Pampanga,1
168,PNG,Pangasinan,1
168,QZN,Quezon,1
168,QRN,Quirino,1
168,RIZ,Rizal,1
168,ROM,Romblon,1
168,SMR,Samar,1
168,SRG,Sarangani,1
168,SQJ,Siquijor,1
168,SRS,Sorsogon,1
168,SCO,SouthCotabato,1
168,SLE,SouthernLeyte,1
168,SKU,SultanKudarat,1
168,SLU,Sulu,1
168,SNO,SurigaodelNorte,1
168,SSU,SurigaodelSur,1
168,TAR,Tarlac,1
168,TAW,Tawi-Tawi,1
168,ZBL,Zambales,1
168,ZNO,ZamboangadelNorte,1
168,ZSU,ZamboangadelSur,1
168,ZSI,ZamboangaSibugay,1
170,DO,Dolnoslaskie,1
170,KP,Kujawsko-Pomorskie,1
170,LO,Lodzkie,1
170,LL,Lubelskie,1
170,LU,Lubuskie,1
170,ML,Malopolskie,1
170,MZ,Mazowieckie,1
170,OP,Opolskie,1
170,PP,Podkarpackie,1
170,PL,Podlaskie,1
170,PM,Pomorskie,1
170,SL,Slaskie,1
170,SW,Swietokrzyskie,1
170,WM,Warminsko-Mazurskie,1
170,WP,Wielkopolskie,1
170,ZA,Zachodniopomorskie,1
198,P,SaintPierre,1
198,M,Miquelon,1
171,AC,A&ccedil;ores,1
171,AV,Aveiro,1
171,BE,Beja,1
171,BR,Braga,1
171,BA,Bragan&ccedil;a,1
171,CB,CasteloBranco,1
171,CO,Coimbra,1
171,EV,&Eacute;vora,1
171,FA,Faro,1
171,GU,Guarda,1
171,LE,Leiria,1
171,LI,Lisboa,1
171,ME,Madeira,1
171,PO,Portalegre,1
171,PR,Porto,1
171,SA,Santar&eacute;m,1
171,SE,Set&uacute;bal,1
171,VC,VianadoCastelo,1
171,VR,VilaReal,1
171,VI,Viseu,1
173,DW,AdDawhah,1
173,GW,AlGhuwayriyah,1
173,JM,AlJumayliyah,1
173,KR,AlKhawr,1
173,WK,AlWakrah,1
173,RN,ArRayyan,1
173,JB,JarayanalBatinah,1
173,MS,MadinatashShamal,1
173,UD,UmmSaid,1
173,UL,UmmSalal,1
175,AB,Alba,1
175,AR,Arad,1
175,AG,Arges,1
175,BC,Bacau,1
175,BH,Bihor,1
175,BN,Bistrita-Nasaud,1
175,BT,Botosani,1
175,BV,Brasov,1
175,BR,Braila,1
175,B,Bucuresti,1
175,BZ,Buzau,1
175,CS,Caras-Severin,1
175,CL,Calarasi,1
175,CJ,Cluj,1
175,CT,Constanta,1
175,CV,Covasna,1
175,DB,Dimbovita,1
175,DJ,Dolj,1
175,GL,Galati,1
175,GR,Giurgiu,1
175,GJ,Gorj,1
175,HR,Harghita,1
175,HD,Hunedoara,1
175,IL,Ialomita,1
175,IS,Iasi,1
175,IF,Ilfov,1
175,MM,Maramures,1
175,MH,Mehedinti,1
175,MS,Mures,1
175,NT,Neamt,1
175,OT,Olt,1
175,PH,Prahova,1
175,SM,Satu-Mare,1
175,SJ,Salaj,1
175,SB,Sibiu,1
175,SV,Suceava,1
175,TR,Teleorman,1
175,TM,Timis,1
175,TL,Tulcea,1
175,VS,Vaslui,1
175,VL,Valcea,1
175,VN,Vrancea,1
176,AB,Abakan,1
176,AG,Aginskoye,1
176,AN,Anadyr,1
176,AR,Arkahangelsk,1
176,AS,Astrakhan,1
176,BA,Barnaul,1
176,BE,Belgorod,1
176,BI,Birobidzhan,1
176,BL,Blagoveshchensk,1
176,BR,Bryansk,1
176,CH,Cheboksary,1
176,CL,Chelyabinsk,1
176,CR,Cherkessk,1
176,CI,Chita,1
176,DU,Dudinka,1
176,EL,Elista,1
176,GO,Gomo-Altaysk,1
176,GA,Gorno-Altaysk,1
176,GR,Groznyy,1
176,IR,Irkutsk,1
176,IV,Ivanovo,1
176,IZ,Izhevsk,1
176,KA,Kalinigrad,1
176,KL,Kaluga,1
176,KS,Kasnodar,1
176,KZ,Kazan,1
176,KE,Kemerovo,1
176,KH,Khabarovsk,1
176,KM,Khanty-Mansiysk,1
176,KO,Kostroma,1
176,KR,Krasnodar,1
176,KN,Krasnoyarsk,1
176,KU,Kudymkar,1
176,KG,Kurgan,1
176,KK,Kursk,1
176,KY,Kyzyl,1
176,LI,Lipetsk,1
176,MA,Magadan,1
176,MK,Makhachkala,1
176,MY,Maykop,1
176,MO,Moscow,1
176,MU,Murmansk,1
176,NA,Nalchik,1
176,NR,NaryanMar,1
176,NZ,Nazran,1
176,NI,NizhniyNovgorod,1
176,NO,Novgorod,1
176,NV,Novosibirsk,1
176,OM,Omsk,1
176,OR,Orel,1
176,OE,Orenburg,1
176,PA,Palana,1
176,PE,Penza,1
176,PR,Perm,1
176,PK,Petropavlovsk-Kamchatskiy,1
176,PT,Petrozavodsk,1
176,PS,Pskov,1
176,RO,Rostov-na-Donu,1
176,RY,Ryazan,1
176,SL,Salekhard,1
176,SA,Samara,1
176,SR,Saransk,1
176,SV,Saratov,1
176,SM,Smolensk,1
176,SP,St.Petersburg,1
176,ST,Stavropol,1
176,SY,Syktyvkar,1
176,TA,Tambov,1
176,TO,Tomsk,1
176,TU,Tula,1
176,TR,Tura,1
176,TV,Tver,1
176,TY,Tyumen,1
176,UF,Ufa,1
176,UL,Ulyanovsk,1
176,UU,Ulan-Ude,1
176,US,Ust-Ordynskiy,1
176,VL,Vladikavkaz,1
176,VA,Vladimir,1
176,VV,Vladivostok,1
176,VG,Volgograd,1
176,VD,Vologda,1
176,VO,Voronezh,1
176,VY,Vyatka,1
176,YA,Yakutsk,1
176,YR,Yaroslavl,1
176,YE,Yekaterinburg,1
176,YO,Yoshkar-Ola,1
177,BU,Butare,1
177,BY,Byumba,1
177,CY,Cyangugu,1
177,GK,Gikongoro,1
177,GS,Gisenyi,1
177,GT,Gitarama,1
177,KG,Kibungo,1
177,KY,Kibuye,1
177,KR,KigaliRurale,1
177,KV,Kigali-ville,1
177,RU,Ruhengeri,1
177,UM,Umutara,1
178,CCN,ChristChurchNicholaTown,1
178,SAS,SaintAnneSandyPoint,1
178,SGB,SaintGeorgeBasseterre,1
178,SGG,SaintGeorgeGingerland,1
178,SJW,SaintJamesWindward,1
178,SJC,SaintJohnCapesterre,1
178,SJF,SaintJohnFigtree,1
178,SMC,SaintMaryCayon,1
178,CAP,SaintPaulCapesterre,1
178,CHA,SaintPaulCharlestown,1
178,SPB,SaintPeterBasseterre,1
178,STL,SaintThomasLowland,1
178,STM,SaintThomasMiddleIsland,1
178,TPP,TrinityPalmettoPoint,1
179,AR,Anse-la-Raye,1
179,CA,Castries,1
179,CH,Choiseul,1
179,DA,Dauphin,1
179,DE,Dennery,1
179,GI,Gros-Islet,1
179,LA,Laborie,1
179,MI,Micoud,1
179,PR,Praslin,1
179,SO,Soufriere,1
179,VF,Vieux-Fort,1
180,C,Charlotte,1
180,R,Grenadines,1
180,A,SaintAndrew,1
180,D,SaintDavid,1
180,G,SaintGeorge,1
180,P,SaintPatrick,1
181,AN,Aana,1
181,AI,Aiga-i-le-Tai,1
181,AT,Atua,1
181,FA,Faasaleleaga,1
181,GE,Gagaemauga,1
181,GF,Gagaifomauga,1
181,PA,Palauli,1
181,SA,Satupaitea,1
181,TU,Tuamasaga,1
181,VF,Vaa-o-Fonoti,1
181,VS,Vaisigano,1
182,AC,Acquaviva,1
182,BM,BorgoMaggiore,1
182,CH,Chiesanuova,1
182,DO,Domagnano,1
182,FA,Faetano,1
182,FI,Fiorentino,1
182,MO,Montegiardino,1
182,SM,CittadiSanMarino,1
182,SE,Serravalle,1
183,S,SaoTome,1
183,P,Principe,1
184,BH,AlBahah,1
184,HS,AlHududashShamaliyah,1
184,JF,AlJawf,1
184,MD,AlMadinah,1
184,QS,AlQasim,1
184,RD,ArRiyad,1
184,AQ,AshSharqiyahEastern),1
184,AS,Asir,1
184,HL,Hail,1
184,JZ,Jizan,1
184,ML,Makkah,1
184,NR,Najran,1
184,TB,Tabuk,1
185,DA,Dakar,1
185,DI,Diourbel,1
185,FA,Fatick,1
185,KA,Kaolack,1
185,KO,Kolda,1
185,LO,Louga,1
185,MA,Matam,1
185,SL,Saint-Louis,1
185,TA,Tambacounda,1
185,TH,Thies,1
185,ZI,Ziguinchor,1
186,AP,AnseauxPins,1
186,AB,AnseBoileau,1
186,AE,AnseEtoile,1
186,AL,AnseLouis,1
186,AR,AnseRoyale,1
186,BL,BaieLazare,1
186,BS,BaieSainteAnne,1
186,BV,BeauVallon,1
186,BA,BelAir,1
186,BO,BelOmbre,1
186,CA,Cascade,1
186,GL,Glacis,1
186,GM,GrandAnseonMahe),1
186,GP,GrandAnseonPraslin),1
186,DG,LaDigue,1
186,RA,LaRiviereAnglaise,1
186,MB,MontBuxton,1
186,MF,MontFleuri,1
186,PL,Plaisance,1
186,PR,PointeLaRue,1
186,PG,PortGlaud,1
186,SL,SaintLouis,1
186,TA,Takamaka,1
187,E,Eastern,1
187,N,Northern,1
187,S,Southern,1
187,W,Western,1
189,BA,Banskobystrický,1
189,BR,Bratislavský,1
189,KO,Košický,1
189,NI,Nitriansky,1
189,PR,Prešovský,1
189,TC,Trenčiansky,1
189,TV,Trnavský,1
189,ZI,Žilinský,1
191,CE,Central,1
191,CH,Choiseul,1
191,GC,Guadalcanal,1
191,HO,Honiara,1
191,IS,Isabel,1
191,MK,Makira,1
191,ML,Malaita,1
191,RB,RennellandBellona,1
191,TM,Temotu,1
191,WE,Western,1
192,AW,Awdal,1
192,BK,Bakool,1
192,BN,Banaadir,1
192,BR,Bari,1
192,BY,Bay,1
192,GA,Galguduud,1
192,GE,Gedo,1
192,HI,Hiiraan,1
192,JD,JubbadaDhexe,1
192,JH,JubbadaHoose,1
192,MU,Mudug,1
192,NU,Nugaal,1
192,SA,Sanaag,1
192,SD,ShabeellahaDhexe,1
192,SH,ShabeellahaHoose,1
192,SL,Sool,1
192,TO,Togdheer,1
192,WG,WoqooyiGalbeed,1
193,EC,EasternCape,1
193,FS,FreeState,1
193,GT,Gauteng,1
193,KN,KwaZulu-Natal,1
193,LP,Limpopo,1
193,MP,Mpumalanga,1
193,NW,NorthWest,1
193,NC,NorthernCape,1
193,WC,WesternCape,1
195,CA,LaCoru&ntilde;a,1
195,AL,&Aacute;lava,1
195,AB,Albacete,1
195,AC,Alicante,1
195,AM,Almeria,1
195,AS,Asturias,1
195,AV,&Aacute;vila,1
195,BJ,Badajoz,1
195,IB,Baleares,1
195,BA,Barcelona,1
195,BU,Burgos,1
195,CC,C&aacute;ceres,1
195,CZ,C&aacute;diz,1
195,CT,Cantabria,1
195,CL,Castell&oacute;n,1
195,CE,Ceuta,1
195,CR,CiudadReal,1
195,CD,C&oacute;rdoba,1
195,CU,Cuenca,1
195,GI,Girona,1
195,GD,Granada,1
195,GJ,Guadalajara,1
195,GP,Guip&uacute;zcoa,1
195,HL,Huelva,1
195,HS,Huesca,1
195,JN,Ja&eacute;n,1
195,RJ,LaRioja,1
195,PM,LasPalmas,1
195,LE,Leon,1
195,LL,Lleida,1
195,LG,Lugo,1
195,MD,Madrid,1
195,MA,Malaga,1
195,ML,Melilla,1
195,MU,Murcia,1
195,NV,Navarra,1
195,OU,Ourense,1
195,PL,Palencia,1
195,PO,Pontevedra,1
195,SL,Salamanca,1
195,SC,SantaCruzdeTenerife,1
195,SG,Segovia,1
195,SV,Sevilla,1
195,SO,Soria,1
195,TA,Tarragona,1
195,TE,Teruel,1
195,TO,Toledo,1
195,VC,Valencia,1
195,VD,Valladolid,1
195,VZ,Vizcaya,1
195,ZM,Zamora,1
195,ZR,Zaragoza,1
196,CE,Central,1
196,EA,Eastern,1
196,NC,NorthCentral,1
196,NO,Northern,1
196,NW,NorthWestern,1
196,SA,Sabaragamuwa,1
196,SO,Southern,1
196,UV,Uva,1
196,WE,Western,1
197,S,SaintHelena,1
199,ANL,AalianNil,1
199,BAM,AlBahralAhmar,1
199,BRT,AlBuhayrat,1
199,JZR,AlJazirah,1
199,KRT,AlKhartum,1);
199,QDR,AlQadarif,1
199,WDH,AlWahdah,1
199,ANB,AnNilalAbyad,1
199,ANZ,AnNilalAzraq,1
199,ASH,AshShamaliyah,1
199,BJA,BahralJabal,1
199,GIS,GharbalIstiwaiyah,1
199,GBG,GharbBahralGhazal,1
199,GDA,GharbDarfur,1
199,GKU,GharbKurdufan,1
199,JDA,JanubDarfur,1
199,JKU,JanubKurdufan,1
199,JQL,Junqali,1
199,KSL,Kassala,1
199,NNL,NahranNil,1
199,SBG,ShamalBahralGhazal,1
199,SDA,ShamalDarfur,1
199,SKU,ShamalKurdufan,1
199,SIS,SharqalIstiwaiyah,1
199,SNR,Sinnar,1
199,WRB,Warab,1
200,BR,Brokopondo,1
200,CM,Commewijne,1
200,CR,Coronie,1
200,MA,Marowijne,1
200,NI,Nickerie,1
200,PA,Para,1
200,PM,Paramaribo,1
200,SA,Saramacca,1
200,SI,Sipaliwini,1
200,WA,Wanica,1
202,H,Hhohho,1
202,L,Lubombo,1
202,M,Manzini,1
202,S,Shishelweni,1
203,K,Blekinge,1
203,W,Dalarna,1
203,X,G&auml;vleborg,1
203,I,Gotland,1
203,N,Halland,1
203,Z,J&auml;mtland,1
203,F,J&ouml;nk&ouml;ping,1
203,H,Kalmar,1
203,G,Kronoberg,1
203,BD,Norrbotten,1
203,T,&Ouml;rebro,1
203,E,&Ouml;sterg&ouml;tland,1
203,M,Sk&aring;ne,1
203,D,S&ouml;dermanland,1
203,AB,Stockholm,1
203,C,Uppsala,1
203,S,V&auml;rmland,1
203,AC,V&auml;sterbotten,1
203,Y,V&auml;sternorrland,1
203,U,V&auml;stmanland,1
203,O,V&auml;straG&ouml;taland,1
204,AG,Aargau,1
204,AR,AppenzellAusserrhoden,1
204,AI,AppenzellInnerrhoden,1
204,BS,Basel-Stadt,1
204,BL,Basel-Landschaft,1
204,BE,Bern,1
204,FR,Fribourg,1
204,GE,Gen&egrave;ve,1
204,GL,Glarus,1
204,GR,Graub&uuml;nden,1
204,JU,Jura,1
204,LU,Luzern,1
204,NE,Neuch&acirc;tel,1
204,NW,Nidwald,1
204,OW,Obwald,1
204,SG,St.Gallen,1
204,SH,Schaffhausen,1
204,SZ,Schwyz,1
204,SO,Solothurn,1
204,TG,Thurgau,1
204,TI,Ticino,1
204,UR,Uri,1
204,VS,Valais,1
204,VD,Vaud,1
204,ZG,Zug,1
204,ZH,Z&uuml;rich,1
205,HA,AlHasakah,1
205,LA,AlLadhiqiyah,1
205,QU,AlQunaytirah,1
205,RQ,ArRaqqah,1
205,SU,AsSuwayda,1
205,DA,Dara,1
205,DZ,DayrazZawr,1
205,DI,Dimashq,1
205,HL,Halab,1
205,HM,Hamah,1
205,HI,Hims,1
205,ID,Idlib,1
205,RD,RifDimashq,1
205,TA,Tartus,1
206,CH,Chang-hua,1
206,CI,Chia-i,1
206,HS,Hsin-chu,1
206,HL,Hua-lien,1
206,IL,I-lan,1
206,KH,Kao-hsiungcounty,1
206,KM,Kin-men,1
206,LC,Lien-chiang,1
206,ML,Miao-li,1
206,NT,Nan-tou,1
206,PH,Peng-hu,1
206,PT,Ping-tung,1
206,TG,Tai-chung,1
206,TA,Tai-nan,1
206,TP,Tai-peicounty,1
206,TT,Tai-tung,1
206,TY,Tao-yuan,1
206,YL,Yun-lin,1
206,CC,Chia-icity,1
206,CL,Chi-lung,1
206,HC,Hsin-chu,1
206,TH,Tai-chung,1
206,TN,Tai-nan,1
206,KC,Kao-hsiungcity,1
206,TC,Tai-peicity,1
207,GB,Gorno-Badakhstan,1
207,KT,Khatlon,1
207,SU,Sughd,1
208,AR,Arusha,1
208,DS,DaresSalaam,1
208,DO,Dodoma,1
208,IR,Iringa,1
208,KA,Kagera,1
208,KI,Kigoma,1
208,KJ,Kilimanjaro,1
208,LN,Lindi,1
208,MY,Manyara,1
208,MR,Mara,1
208,MB,Mbeya,1
208,MO,Morogoro,1
208,MT,Mtwara,1
208,MW,Mwanza,1
208,PN,PembaNorth,1
208,PS,PembaSouth,1
208,PW,Pwani,1
208,RK,Rukwa,1
208,RV,Ruvuma,1
208,SH,Shinyanga,1
208,SI,Singida,1
208,TB,Tabora,1
208,TN,Tanga,1
208,ZC,ZanzibarCentral/South,1
208,ZN,ZanzibarNorth,1
208,ZU,ZanzibarUrban/West,1
209,AmnatCharoen,AmnatCharoen,1
209,AngThong,AngThong,1
209,Ayutthaya,Ayutthaya,1
209,Bangkok,Bangkok,1
209,Buriram,Buriram,1
209,Chachoengsao,Chachoengsao,1
209,ChaiNat,ChaiNat,1
209,Chaiyaphum,Chaiyaphum,1
209,Chanthaburi,Chanthaburi,1
209,ChiangMai,ChiangMai,1
209,ChiangRai,ChiangRai,1
209,ChonBuri,ChonBuri,1
209,Chumphon,Chumphon,1
209,Kalasin,Kalasin,1
209,KamphaengPhet,KamphaengPhet,1
209,Kanchanaburi,Kanchanaburi,1
209,KhonKaen,KhonKaen,1
209,Krabi,Krabi,1
209,Lampang,Lampang,1
209,Lamphun,Lamphun,1
209,Loei,Loei,1
209,LopBuri,LopBuri,1
209,MaeHongSon,MaeHongSon,1
209,MahaSarakham,MahaSarakham,1
209,Mukdahan,Mukdahan,1
209,NakhonNayok,NakhonNayok,1
209,NakhonPathom,NakhonPathom,1
209,NakhonPhanom,NakhonPhanom,1
209,NakhonRatchasima,NakhonRatchasima,1
209,NakhonSawan,NakhonSawan,1
209,NakhonSiThammarat,NakhonSiThammarat,1
209,Nan,Nan,1
209,Narathiwat,Narathiwat,1
209,NongBuaLamphu,NongBuaLamphu,1
209,NongKhai,NongKhai,1
209,Nonthaburi,Nonthaburi,1
209,PathumThani,PathumThani,1
209,Pattani,Pattani,1
209,Phangnga,Phangnga,1
209,Phatthalung,Phatthalung,1
209,Phayao,Phayao,1
209,Phetchabun,Phetchabun,1
209,Phetchaburi,Phetchaburi,1
209,Phichit,Phichit,1
209,Phitsanulok,Phitsanulok,1
209,Phrae,Phrae,1
209,Phuket,Phuket,1
209,PrachinBuri,PrachinBuri,1
209,PrachuapKhiriKhan,PrachuapKhiriKhan,1
209,Ranong,Ranong,1
209,Ratchaburi,Ratchaburi,1
209,Rayong,Rayong,1
209,RoiEt,RoiEt,1
209,SaKaeo,SaKaeo,1
209,SakonNakhon,SakonNakhon,1
209,SamutPrakan,SamutPrakan,1
209,SamutSakhon,SamutSakhon,1
209,SamutSongkhram,SamutSongkhram,1
209,SaraBuri,SaraBuri,1
209,Satun,Satun,1
209,SingBuri,SingBuri,1
209,Sisaket,Sisaket,1
209,Songkhla,Songkhla,1
209,Sukhothai,Sukhothai,1
209,SuphanBuri,SuphanBuri,1
209,SuratThani,SuratThani,1
209,Surin,Surin,1
209,Tak,Tak,1
209,Trang,Trang,1
209,Trat,Trat,1
209,UbonRatchathani,UbonRatchathani,1
209,UdonThani,UdonThani,1
209,UthaiThani,UthaiThani,1
209,Uttaradit,Uttaradit,1
209,Yala,Yala,1
209,Yasothon,Yasothon,1
210,K,Kara,1
210,P,Plateaux,1
210,S,Savanes,1
210,C,Centrale,1
210,M,Maritime,1
211,A,Atafu,1
211,F,Fakaofo,1
211,N,Nukunonu,1
212,H,Haapai,1
212,T,Tongatapu,1
212,V,Vavau,1
213,CT,Couva/Tabaquite/Talparo,1
213,DM,DiegoMartin,1
213,MR,Mayaro/RioClaro,1
213,PD,Penal/Debe,1
213,PT,PrincesTown,1
213,SG,SangreGrande,1
213,SL,SanJuan/Laventille,1
213,SI,Siparia,1
213,TP,Tunapuna/Piarco,1
213,PS,PortofSpain,1
213,SF,SanFernando,1
213,AR,Arima,1
213,PF,PointFortin,1
213,CH,Chaguanas,1
213,TO,Tobago,1
214,AR,Ariana,1
214,BJ,Beja,1
214,BA,BenArous,1
214,BI,Bizerte,1
214,GB,Gabes,1
214,GF,Gafsa,1
214,JE,Jendouba,1
214,KR,Kairouan,1
214,KS,Kasserine,1
214,KB,Kebili,1
214,KF,Kef,1
214,MH,Mahdia,1
214,MN,Manouba,1
214,ME,Medenine,1
214,MO,Monastir,1
214,NA,Nabeul,1
214,SF,Sfax,1
214,SD,Sidi,1
214,SL,Siliana,1
214,SO,Sousse,1
214,TA,Tataouine,1
214,TO,Tozeur,1
214,TU,Tunis,1
214,ZA,Zaghouan,1
215,ADA,Adana,1
215,ADI,Adıyaman,1
215,AFY,Afyonkarahisar,1
215,AGR,Ağrı,1
215,AKS,Aksaray,1
215,AMA,Amasya,1
215,ANK,Ankara,1
215,ANT,Antalya,1
215,ARD,Ardahan,1
215,ART,Artvin,1
215,AYI,Aydın,1
215,BAL,Balıkesir,1
215,BAR,Bartın,1
215,BAT,Batman,1
215,BAY,Bayburt,1
215,BIL,Bilecik,1
215,BIN,Bingöl,1
215,BIT,Bitlis,1
215,BOL,Bolu,1
215,BRD,Burdur,1
215,BRS,Bursa,1
215,CKL,Çanakkale,1
215,CKR,Çankırı,1
215,COR,Çorum,1
215,DEN,Denizli,1
215,DIY,Diyarbakir,1
215,DUZ,Düzce,1
215,EDI,Edirne,1
215,ELA,Elazığ,1
215,EZC,Erzincan,1
215,EZR,Erzurum,1
215,ESK,Eskişehir,1
215,GAZ,Gaziantep,1
215,GIR,Giresun,1
215,GMS,Gümüşhane,1
215,HKR,Hakkari,1
215,HTY,Hatay,1
215,IGD,Iğdır,1
215,ISP,Isparta,1
215,IST,İstanbul,1
215,IZM,İzmir,1
215,KAH,Kahramanmaraş,1
215,KRB,Karabük,1
215,KRM,Karaman,1
215,KRS,Kars,1
215,KAS,Kastamonu,1
215,KAY,Kayseri,1
215,KLS,Kilis,1
215,KRK,Kırıkkale,1
215,KLR,Kırklareli,1
215,KRH,Kırşehir,1
215,KOC,Kocaeli,1
215,KON,Konya,1
215,KUT,Kütahya,1
215,MAL,Malatya,1
215,MAN,Manisa,1
215,MAR,Mardin,1
215,MER,Mersin,1
215,MUG,Muğla,1
215,MUS,Muş,1
215,NEV,Nevşehir,1
215,NIG,Niğde,1
215,ORD,Ordu,1
215,OSM,Osmaniye,1
215,RIZ,Rize,1
215,SAK,Sakarya,1
215,SAM,Samsun,1
215,SAN,Şanlıurfa,1
215,SII,Siirt,1
215,SIN,Sinop,1
215,SIR,Şırnak,1
215,SIV,Sivas,1
215,TEL,Tekirdağ,1
215,TOK,Tokat,1
215,TRA,Trabzon,1
215,TUN,Tunceli,1
215,USK,Uşak,1
215,VAN,Van,1
215,YAL,Yalova,1
215,YOZ,Yozgat,1
215,ZON,Zonguldak,1
216,A,AhalWelayaty,1
216,B,BalkanWelayaty,1
216,D,DashhowuzWelayaty,1
216,L,LebapWelayaty,1
216,M,MaryWelayaty,1
217,AC,AmbergrisCays,1
217,DC,DellisCay,1
217,FC,FrenchCay,1
217,LW,LittleWaterCay,1
217,RC,ParrotCay,1
217,PN,PineCay,1
217,SL,SaltCay,1
217,GT,GrandTurk,1
217,SC,SouthCaicos,1
217,EC,EastCaicos,1
217,MC,MiddleCaicos,1
217,NC,NorthCaicos,1
217,PR,Providenciales,1
217,WC,WestCaicos,1
218,NMG,Nanumanga,1
218,NLK,Niulakita,1
218,NTO,Niutao,1
218,FUN,Funafuti,1
218,NME,Nanumea,1
218,NUI,Nui,1
218,NFT,Nukufetau,1
218,NLL,Nukulaelae,1
218,VAI,Vaitupu,1
219,KAL,Kalangala,1
219,KMP,Kampala,1
219,KAY,Kayunga,1
219,KIB,Kiboga,1
219,LUW,Luwero,1
219,MAS,Masaka,1
219,MPI,Mpigi,1
219,MUB,Mubende,1
219,MUK,Mukono,1
219,NKS,Nakasongola,1
219,RAK,Rakai,1
219,SEM,Sembabule,1
219,WAK,Wakiso,1
219,BUG,Bugiri,1
219,BUS,Busia,1
219,IGA,Iganga,1
219,JIN,Jinja,1
219,KAB,Kaberamaido,1
219,KML,Kamuli,1
219,KPC,Kapchorwa,1
219,KTK,Katakwi,1
219,KUM,Kumi,1
219,MAY,Mayuge,1
219,MBA,Mbale,1
219,PAL,Pallisa,1
219,SIR,Sironko,1
219,SOR,Soroti,1
219,TOR,Tororo,1
219,ADJ,Adjumani,1
219,APC,Apac,1
219,ARU,Arua,1
219,GUL,Gulu,1
219,KIT,Kitgum,1
219,KOT,Kotido,1
219,LIR,Lira,1
219,MRT,Moroto,1
219,MOY,Moyo,1
219,NAK,Nakapiripirit,1
219,NEB,Nebbi,1
219,PAD,Pader,1
219,YUM,Yumbe,1
219,BUN,Bundibugyo,1
219,BSH,Bushenyi,1
219,HOI,Hoima,1
219,KBL,Kabale,1
219,KAR,Kabarole,1
219,KAM,Kamwenge,1
219,KAN,Kanungu,1
219,KAS,Kasese,1
219,KBA,Kibaale,1
219,KIS,Kisoro,1
219,KYE,Kyenjojo,1
219,MSN,Masindi,1
219,MBR,Mbarara,1
219,NTU,Ntungamo,1
219,RUK,Rukungiri,1
220,CK,Cherkasy,1
220,CH,Chernihiv,1
220,CV,Chernivtsi,1
220,CR,Crimea,1
220,DN,Dnipropetrovsk,1
220,DO,Donetsk,1
220,IV,Ivano-Frankivsk,1
220,KL,KharkivKherson,1
220,KM,Khmelnytskyy,1
220,KR,Kirovohrad,1
220,KV,Kiev,1
220,KY,Kyyiv,1
220,LU,Luhansk,1
220,LV,Lviv,1
220,MY,Mykolayiv,1
220,OD,Odesa,1
220,PO,Poltava,1
220,RI,Rivne,1
220,SE,Sevastopol,1
220,SU,Sumy,1
220,TE,Ternopil,1
220,VI,Vinnytsya,1
220,VO,Volyn,1
220,ZK,Zakarpattya,1
220,ZA,Zaporizhzhya,1
220,ZH,Zhytomyr,1
221,AZ,AbuZaby,1
221,AJ,Ajman,1
221,FU,AlFujayrah,1
221,SH,AshShariqah,1
221,DU,Dubayy,1
221,RK,RasalKhaymah,1
221,UQ,UmmalQaywayn,1
222,ABN,Aberdeen,1
222,ABNS,Aberdeenshire,1
222,ANG,Anglesey,1
222,AGS,Angus,1
222,ARY,ArgyllandBute,1
222,BEDS,Bedfordshire,1
222,BERKS,Berkshire,1
222,BLA,BlaenauGwent,1
222,BRI,Bridgend,1
222,BSTL,Bristol,1
222,BUCKS,Buckinghamshire,1
222,CAE,Caerphilly,1
222,CAMBS,Cambridgeshire,1
222,CDF,Cardiff,1
222,CARM,Carmarthenshire,1
222,CDGN,Ceredigion,1
222,CHES,Cheshire,1
222,CLACK,Clackmannanshire,1
222,CON,Conwy,1
222,CORN,Cornwall,1
222,DNBG,Denbighshire,1
222,DERBY,Derbyshire,1
222,DVN,Devon,1
222,DOR,Dorset,1
222,DGL,DumfriesandGalloway,1
222,DUND,Dundee,1
222,DHM,Durham,1
222,ARYE,EastAyrshire,1
222,DUNBE,EastDunbartonshire,1
222,LOTE,EastLothian,1
222,RENE,EastRenfrewshire,1
222,ERYS,EastRidingofYorkshire,1
222,SXE,EastSussex,1
222,EDIN,Edinburgh,1
222,ESX,Essex,1
222,FALK,Falkirk,1
222,FFE,Fife,1
222,FLINT,Flintshire,1
222,GLAS,Glasgow,1
222,GLOS,Gloucestershire,1
222,LDN,GreaterLondon,1
222,MCH,GreaterManchester,1
222,GDD,Gwynedd,1
222,HANTS,Hampshire,1
222,HWR,Herefordshire,1
222,HERTS,Hertfordshire,1
222,HLD,Highlands,1
222,IVER,Inverclyde,1
222,IOW,IsleofWight,1
222,KNT,Kent,1
222,LANCS,Lancashire,1
222,LEICS,Leicestershire,1
222,LINCS,Lincolnshire,1
222,MSY,Merseyside,1
222,MERT,MerthyrTydfil,1
222,MLOT,Midlothian,1
222,MMOUTH,Monmouthshire,1
222,MORAY,Moray,1
222,NPRTAL,NeathPortTalbot,1
222,NEWPT,Newport,1
222,NOR,Norfolk,1
222,ARYN,NorthAyrshire,1
222,LANN,NorthLanarkshire,1
222,YSN,NorthYorkshire,1
222,NHM,Northamptonshire,1
222,NLD,Northumberland,1
222,NOT,Nottinghamshire,1
222,ORK,OrkneyIslands,1
222,OFE,Oxfordshire,1
222,PEM,Pembrokeshire,1
222,PERTH,PerthandKinross,1
222,PWS,Powys,1
222,REN,Renfrewshire,1
222,RHON,RhonddaCynonTaff,1
222,RUT,Rutland,1
222,BOR,ScottishBorders,1
222,SHET,ShetlandIslands,1
222,SPE,Shropshire,1
222,SOM,Somerset,1
222,ARYS,SouthAyrshire,1
222,LANS,SouthLanarkshire,1
222,YSS,SouthYorkshire,1
222,SFD,Staffordshire,1
222,STIR,Stirling,1
222,SFK,Suffolk,1
222,SRY,Surrey,1
222,SWAN,Swansea,1
222,TORF,Torfaen,1
222,TWR,TyneandWear,1
222,VGLAM,ValeofGlamorgan,1
222,WARKS,Warwickshire,1
222,WDUN,WestDunbartonshire,1
222,WLOT,WestLothian,1
222,WMD,WestMidlands,1
222,SXW,WestSussex,1
222,YSW,WestYorkshire,1
222,WIL,WesternIsles,1
222,WLT,Wiltshire,1
222,WORCS,Worcestershire,1
222,WRX,Wrexham,1
223,AL,Alabama,1
223,AK,Alaska,1
223,AS,AmericanSamoa,1
223,AZ,Arizona,1
223,AR,Arkansas,1
223,AF,ArmedForcesAfrica,1
223,AA,ArmedForcesAmericas,1
223,AC,ArmedForcesCanada,1
223,AE,ArmedForcesEurope,1
223,AM,ArmedForcesMiddleEast,1
223,AP,ArmedForcesPacific,1
223,CA,California,1
223,CO,Colorado,1
223,CT,Connecticut,1
223,DE,Delaware,1
223,DC,DistrictofColumbia,1
223,FM,FederatedStatesOfMicronesia,1
223,FL,Florida,1
223,GA,Georgia,1
223,GU,Guam,1
223,HI,Hawaii,1
223,ID,Idaho,1
223,IL,Illinois,1
223,IN,Indiana,1
223,IA,Iowa,1
223,KS,Kansas,1
223,KY,Kentucky,1
223,LA,Louisiana,1
223,ME,Maine,1
223,MH,MarshallIslands,1
223,MD,Maryland,1
223,MA,Massachusetts,1
223,MI,Michigan,1
223,MN,Minnesota,1
223,MS,Mississippi,1
223,MO,Missouri,1
223,MT,Montana,1
223,NE,Nebraska,1
223,NV,Nevada,1
223,NH,NewHampshire,1
223,NJ,NewJersey,1
223,NM,NewMexico,1
223,NY,NewYork,1
223,NC,NorthCarolina,1
223,ND,NorthDakota,1
223,MP,NorthernMarianaIslands,1
223,OH,Ohio,1
223,OK,Oklahoma,1
223,OR,Oregon,1
223,PW,Palau,1
223,PA,Pennsylvania,1
223,PR,PuertoRico,1
223,RI,RhodeIsland,1
223,SC,SouthCarolina,1
223,SD,SouthDakota,1
223,TN,Tennessee,1
223,TX,Texas,1
223,UT,Utah,1
223,VT,Vermont,1
223,VI,VirginIslands,1
223,VA,Virginia,1
223,WA,Washington,1
223,WV,WestVirginia,1
223,WI,Wisconsin,1
223,WY,Wyoming,1
224,BI,BakerIsland,1
224,HI,HowlandIsland,1
224,JI,JarvisIsland,1
224,JA,JohnstonAtoll,1
224,KR,KingmanReef,1
224,MA,MidwayAtoll,1
224,NI,NavassaIsland,1
224,PA,PalmyraAtoll,1
224,WI,WakeIsland,1
225,AR,Artigas,1
225,CA,Canelones,1
225,CL,CerroLargo,1
225,CO,Colonia,1
225,DU,Durazno,1
225,FS,Flores,1
225,FA,Florida,1
225,LA,Lavalleja,1
225,MA,Maldonado,1
225,MO,Montevideo,1
225,PA,Paysandu,1
225,RN,RioNegro,1
225,RV,Rivera,1
225,RO,Rocha,1
225,SL,Salto,1
225,SJ,SanJose,1
225,SO,Soriano,1
225,TA,Tacuarembo,1
225,TT,TreintayTres,1
226,AN,Andijon,1
226,BU,Buxoro,1
226,FA,Fargona,1
226,JI,Jizzax,1
226,NG,Namangan,1
226,NW,Navoiy,1
226,QA,Qashqadaryo,1
226,QR,QoraqalpogistonRepublikasi,1
226,SA,Samarqand,1
226,SI,Sirdaryo,1
226,SU,Surxondaryo,1
226,TK,ToshkentCity,1
226,TO,ToshkentRegion,1
226,XO,Xorazm,1
227,MA,Malampa,1
227,PE,Penama,1
227,SA,Sanma,1
227,SH,Shefa,1
227,TA,Tafea,1
227,TO,Torba,1
229,AM,Amazonas,1
229,AN,Anzoategui,1
229,AP,Apure,1
229,AR,Aragua,1
229,BA,Barinas,1
229,BO,Bolivar,1
229,CA,Carabobo,1
229,CO,Cojedes,1
229,DA,DeltaAmacuro,1
229,DF,DependenciasFederales,1
229,DI,DistritoFederal,1
229,FA,Falcon,1
229,GU,Guarico,1
229,LA,Lara,1
229,ME,Merida,1
229,MI,Miranda,1
229,MO,Monagas,1
229,NE,NuevaEsparta,1
229,PO,Portuguesa,1
229,SU,Sucre,1
229,TA,Tachira,1
229,TR,Trujillo,1
229,VA,Vargas,1
229,YA,Yaracuy,1
229,ZU,Zulia,1
230,AG,AnGiang,1
230,BG,BacGiang,1
230,BK,BacKan,1
230,BL,BacLieu,1
230,BC,BacNinh,1
230,BR,BaRia-VungTau,1
230,BN,BenTre,1
230,BH,BinhDinh,1
230,BU,BinhDuong,1
230,BP,BinhPhuoc,1
230,BT,BinhThuan,1
230,CM,CaMau,1
230,CT,CanTho,1
230,CB,CaoBang,1
230,DL,DakLak,1
230,DG,DakNong,1
230,DN,DaNang,1
230,DB,DienBien,1
230,DI,DongNai,1
230,DT,DongThap,1
230,GL,GiaLai,1
230,HG,HaGiang,1
230,HD,HaiDuong,1
230,HP,HaiPhong,1
230,HM,HaNam,1
230,HI,HaNoi,1
230,HT,HaTay,1
230,HH,HaTinh,1
230,HB,HoaBinh,1
230,HC,HoChiMinhCity,1
230,HU,HauGiang,1
230,HY,HungYen,1
232,C,SaintCroix,1
232,J,SaintJohn,1
232,T,SaintThomas,1
233,A,Alo,1
233,S,Sigave,1
233,W,Wallis,1
235,AB,Abyan,1
235,AD,Adan,1
235,AM,Amran,1
235,BA,AlBayda,1
235,DA,AdDali,1
235,DH,Dhamar,1
235,HD,Hadramawt,1
235,HJ,Hajjah,1
235,HU,AlHudaydah,1
235,IB,Ibb,1
235,JA,AlJawf,1
235,LA,Lahij,1
235,MA,Marib,1
235,MR,AlMahrah,1
235,MW,AlMahwit,1
235,SD,Sadah,1
235,SN,Sana,1
235,SH,Shabwah,1
235,TA,Taizz,1
237,BC,Bas-Congo,1
237,BN,Bandundu,1
237,EQ,Equateur,1
237,KA,Katanga,1
237,KE,Kasai-Oriental,1
237,KN,Kinshasa,1
237,KW,Kasai-Occidental,1
237,MA,Maniema,1
237,NK,Nord-Kivu,1
237,OR,Orientale,1
237,SK,Sud-Kivu,1
238,CE,Central,1
238,CB,Copperbelt,1
238,EA,Eastern,1
238,LP,Luapula,1
238,LK,Lusaka,1
238,NO,Northern,1
238,NW,North-Western,1
238,SO,Southern,1
238,WE,Western,1
239,BU,Bulawayo,1
239,HA,Harare,1
239,ML,Manicaland,1
239,MC,MashonalandCentral,1
239,ME,MashonalandEast,1
239,MW,MashonalandWest,1
239,MV,Masvingo,1
239,MN,MatabelelandNorth,1
239,MS,MatabelelandSouth,1
239,MD,Midlands,1
105,CB,Campobasso,1
105,CI,Carbonia-Iglesias,1
105,CE,Caserta,1
105,CT,Catania,1
105,CZ,Catanzaro,1
105,CH,Chieti,1
105,CO,Como,1
105,CS,Cosenza,1
105,CR,Cremona,1
105,KR,Crotone,1
105,CN,Cuneo,1
105,EN,Enna,1
105,FE,Ferrara,1
105,FI,Firenze,1
105,FG,Foggia,1
105,FC,Forli-Cesena,1
105,FR,Frosinone,1
105,GE,Genova,1
105,GO,Gorizia,1
105,GR,Grosseto,1
105,IM,Imperia,1
105,IS,Isernia,1
105,AQ,L&#39;Aquila,1
105,SP,LaSpezia,1
105,LT,Latina,1
105,LE,Lecce,1
105,LC,Lecco,1
105,LI,Livorno,1
105,LO,Lodi,1
105,LU,Lucca,1
105,MC,Macerata,1
105,MN,Mantova,1
105,MS,Massa-Carrara,1
105,MT,Matera,1
105,VS,MedioCampidano,1
105,ME,Messina,1
105,MI,Milano,1
105,MO,Modena,1
105,NA,Napoli,1
105,NO,Novara,1
105,NU,Nuoro,1
105,OG,Ogliastra,1
105,OT,Olbia-Tempio,1
105,OR,Oristano,1
105,PD,Padova,1
105,PA,Palermo,1
105,PR,Parma,1
105,PV,Pavia,1
105,PG,Perugia,1
105,PU,PesaroeUrbino,1
105,PE,Pescara,1
105,PC,Piacenza,1
105,PI,Pisa,1
105,PT,Pistoia,1
105,PN,Pordenone,1
105,PZ,Potenza,1
105,PO,Prato,1
105,RG,Ragusa,1
105,RA,Ravenna,1
105,RC,ReggioCalabria,1
105,RE,ReggioEmilia,1
105,RI,Rieti,1
105,RN,Rimini,1
105,RM,Roma,1
105,RO,Rovigo,1
105,SA,Salerno,1
105,SS,Sassari,1
105,SV,Savona,1
105,SI,Siena,1
105,SR,Siracusa,1
105,SO,Sondrio,1
105,TA,Taranto,1
105,TE,Teramo,1
105,TR,Terni,1
105,TO,Torino,1
105,TP,Trapani,1
105,TN,Trento,1
105,TV,Treviso,1
105,TS,Trieste,1
105,UD,Udine,1
105,VA,Varese,1
105,VE,Venezia,1
105,VB,Verbano-Cusio-Ossola,1
105,VC,Vercelli,1
105,VR,Verona,1
105,VV,ViboValentia,1
105,VI,Vicenza,1
105,VT,Viterbo,1
222,ANT,CountyAntrim,1
222,ARM,CountyArmagh,1
222,DOW,CountyDown,1
222,FER,CountyFermanagh,1
222,LDY,CountyLondonderry,1
222,TYR,CountyTyrone,1
222,CMA,Cumbria,1
190,1,Pomurska,1
190,2,Podravska,1
190,3,Koroška,1
190,4,Savinjska,1
190,5,Zasavska,1
190,6,Spodnjeposavska,1
190,7,JugovzhodnaSlovenija,1
190,8,Osrednjeslovenska,1
190,9,Gorenjska,1
190,10,Notranjsko-kraška,1
190,11,Goriška,1
190,12,Obalno-kraška,1
33,,Ruse,1
101,ALB,Alborz,1
21,BRU,Brussels-CapitalRegion,1
138,AG,Aguascalientes,1
242,01,Andrijevica,1
242,02,Bar,1
242,03,Berane,1
242,04,BijeloPolje,1
242,05,Budva,1
242,06,Cetinje,1
242,07,Danilovgrad,1
242,08,Herceg-Novi,1
242,09,Kolašin,1
242,10,Kotor,1
242,11,Mojkovac,1
242,12,Nikšić,1
242,13,Plav,1
242,14,Pljevlja,1
242,15,Plužine,1
242,16,Podgorica,1
242,17,Rožaje,1
242,18,Šavnik,1
242,19,Tivat,1
242,20,Ulcinj,1
242,21,Žabljak,1
243,00,Belgrade,1
243,01,NorthBačka,1
243,02,CentralBanat,1
243,03,NorthBanat,1
243,04,SouthBanat,1
243,05,WestBačka,1
243,06,SouthBačka,1
243,07,Srem,1
243,08,Mačva,1
243,09,Kolubara,1
243,10,Podunavlje,1
243,11,Braničevo,1
243,12,Šumadija,1
243,13,Pomoravlje,1
243,14,Bor,1
243,15,Zaječar,1
243,16,Zlatibor,1
243,17,Moravica,1
243,18,Raška,1
243,19,Rasina,1
243,20,Nišava,1
243,21,Toplica,1
243,22,Pirot,1
243,23,Jablanica,1
243,24,Pčinja,1
245,BO,Bonaire,1
245,SA,Saba,1
245,SE,SintEustatius,1
248,EC,CentralEquatoria,1
248,EE,EasternEquatoria,1
248,JG,Jonglei,1
248,LK,Lakes,1
248,BN,NorthernBahrel-Ghazal,1
248,UY,Unity,1
248,NU,UpperNile,1
248,WR,Warrap,1
248,BW,WesternBahrel-Ghazal,1
248,EW,WesternEquatoria,1
117,0661405,Ainaži,Salacgrīvasnovads,1
117,0320201,Aizkraukle,Aizkrauklesnovads,1
117,0320200,Aizkrauklesnovads,1
117,0640605,Aizpute,Aizputesnovads,1
117,0640600,Aizputesnovads,1
117,0560805,Aknīste,Aknīstesnovads,1
117,0560800,Aknīstesnovads,1
117,0661007,Aloja,Alojasnovads,1
117,0661000,Alojasnovads,1
117,0624200,Alsungasnovads,1
117,0360201,Alūksne,Alūksnesnovads,1
117,0360200,Alūksnesnovads,1
117,0424701,Amatasnovads,1
117,0360805,Ape,Apesnovads,1
117,0360800,Apesnovads,1
117,0460805,Auce,Aucesnovads,1
117,0460800,Aucesnovads,1
117,0804400,Ādažunovads,1
117,0804900,Babītesnovads,1
117,0800605,Baldone,Baldonesnovads,1
117,0800600,Baldonesnovads,1
117,0800807,Baloži,Ķekavasnovads,1
117,0384400,Baltinavasnovads,1
117,0380201,Balvi,Balvunovads,1
117,0380200,Balvunovads,1
117,0400201,Bauska,Bauskasnovads,1
117,0400200,Bauskasnovads,1
117,0964700,Beverīnasnovads,1
117,0840605,Brocēni,Brocēnunovads,1
117,0840601,Brocēnunovads,1
117,0967101,Burtniekunovads,1
117,0805200,Carnikavasnovads,1
117,0700807,Cesvaine,Cesvainesnovads,1
117,0700800,Cesvainesnovads,1
117,0420201,Cēsis,Cēsunovads,1
117,0420200,Cēsunovads,1
117,0684901,Ciblasnovads,1
117,0601009,Dagda,Dagdasnovads,1
117,0601000,Dagdasnovads,1
117,0050000,Daugavpils,1
117,0440200,Daugavpilsnovads,1
117,0460201,Dobele,Dobelesnovads,1
117,0460200,Dobelesnovads,1
117,0885100,Dundagasnovads,1
117,0640807,Durbe,Durbesnovads,1
117,0640801,Durbesnovads,1
117,0905100,Enguresnovads,1
117,0705500,Ērgļunovads,1
117,0806000,Garkalnesnovads,1
117,0641009,Grobiņa,Grobiņasnovads,1
117,0641000,Grobiņasnovads,1
117,0500201,Gulbene,Gulbenesnovads,1
117,0500200,Gulbenesnovads,1
117,0406400,Iecavasnovads,1
117,0740605,Ikšķile,Ikšķilesnovads,1
117,0740600,Ikšķilesnovads,1
117,0440807,Ilūkste,Ilūkstesnovads,1
117,0440801,Ilūkstesnovads,1
117,0801800,Inčukalnanovads,1
117,0321007,Jaunjelgava,Jaunjelgavasnovads,1
117,0321000,Jaunjelgavasnovads,1
117,0425700,Jaunpiebalgasnovads,1
117,0905700,Jaunpilsnovads,1
117,0090000,Jelgava,1
117,0540200,Jelgavasnovads,1
117,0110000,Jēkabpils,1
117,0560200,Jēkabpilsnovads,1
117,0130000,Jūrmala,1
117,0540211,Kalnciems,Jelgavasnovads,1
117,0901211,Kandava,Kandavasnovads,1
117,0901201,Kandavasnovads,1
117,0681009,Kārsava,Kārsavasnovads,1
117,0681000,Kārsavasnovads,1
117,0960200,Kocēnunovads,bij.Valmieras),1
117,0326100,Koknesesnovads,1
117,0600201,Krāslava,Krāslavasnovads,1
117,0600202,Krāslavasnovads,1
117,0806900,Krimuldasnovads,1
117,0566900,Krustpilsnovads,1
117,0620201,Kuldīga,Kuldīgasnovads,1
117,0620200,Kuldīgasnovads,1
117,0741001,Ķegumanovads,1
117,0741009,Ķegums,Ķegumanovads,1
117,0800800,Ķekavasnovads,1
117,0741413,Lielvārde,Lielvārdesnovads,1
117,0741401,Lielvārdesnovads,1
117,0170000,Liepāja,1
117,0660201,Limbaži,Limbažunovads,1
117,0660200,Limbažunovads,1
117,0421211,Līgatne,Līgatnesnovads,1
117,0421200,Līgatnesnovads,1
117,0761211,Līvāni,Līvānunovads,1
117,0761201,Līvānunovads,1
117,0701413,Lubāna,Lubānasnovads,1
117,0701400,Lubānasnovads,1
117,0680201,Ludza,Ludzasnovads,1
117,0680200,Ludzasnovads,1
117,0700201,Madona,Madonasnovads,1
117,0700200,Madonasnovads,1
117,0961011,Mazsalaca,Mazsalacasnovads,1
117,0961000,Mazsalacasnovads,1
117,0807400,Mālpilsnovads,1
117,0807600,Mārupesnovads,1
117,0887600,Mērsraganovads,1
117,0967300,Naukšēnunovads,1
117,0327100,Neretasnovads,1
117,0647900,Nīcasnovads,1
117,0740201,Ogre,Ogresnovads,1
117,0740202,Ogresnovads,1
117,0801009,Olaine,Olainesnovads,1
117,0801000,Olainesnovads,1
117,0546701,Ozolniekunovads,1
117,0427500,Pārgaujasnovads,1
117,0641413,Pāvilosta,Pāvilostasnovads,1
117,0641401,Pāvilostasnovads,1
117,0980213,Piltene,Ventspilsnovads,1
117,0321413,Pļaviņas,Pļaviņunovads,1
117,0321400,Pļaviņunovads,1
117,0760201,Preiļi,Preiļunovads,1
117,0760202,Preiļunovads,1
117,0641615,Priekule,Priekulesnovads,1
117,0641600,Priekulesnovads,1
117,0427300,Priekuļunovads,1
117,0427700,Raunasnovads,1
117,0210000,Rēzekne,1
117,0780200,Rēzeknesnovads,1
117,0766300,Riebiņunovads,1
117,0010000,Rīga,1
117,0888300,Rojasnovads,1
117,0808400,Ropažunovads,1
117,0648500,Rucavasnovads,1
117,0387500,Rugājunovads,1
117,0407700,Rundālesnovads,1
117,0961615,Rūjiena,Rūjienasnovads,1
117,0961600,Rūjienasnovads,1
117,0880213,Sabile,Talsunovads,1
117,0661415,Salacgrīva,Salacgrīvasnovads,1
117,0661400,Salacgrīvasnovads,1
117,0568700,Salasnovads,1
117,0801200,Salaspilsnovads,1
117,0801211,Salaspils,Salaspilsnovads,1
117,0840200,Saldusnovads,1
117,0840201,Saldus,Saldusnovads,1
117,0801413,Saulkrasti,Saulkrastunovads,1
117,0801400,Saulkrastunovads,1
117,0941813,Seda,Strenčunovads,1
117,0809200,Sējasnovads,1
117,0801615,Sigulda,Siguldasnovads,1
117,0801601,Siguldasnovads,1
117,0328200,Skrīverunovads,1
117,0621209,Skrunda,Skrundasnovads,1
117,0621200,Skrundasnovads,1
117,0941615,Smiltene,Smiltenesnovads,1
117,0941600,Smiltenesnovads,1
117,0661017,Staicele,Alojasnovads,1
117,0880215,Stende,Talsunovads,1
117,0809600,Stopiņunovads,1
117,0941817,Strenči,Strenčunovads,1
117,0941800,Strenčunovads,1
117,0440815,Subate,Ilūkstesnovads,1
117,0880201,Talsi,Talsunovads,1
117,0880200,Talsunovads,1
117,0468900,Tērvetesnovads,1
117,0900200,Tukumanovads,1
117,0900201,Tukums,Tukumanovads,1
117,0649300,Vaiņodesnovads,1
117,0880217,Valdemārpils,Talsunovads,1
117,0940201,Valka,Valkasnovads,1
117,0940200,Valkasnovads,1
117,0250000,Valmiera,1
117,0801817,Vangaži,Inčukalnanovads,1
117,0701817,Varakļāni,Varakļānunovads,1
117,0701800,Varakļānunovads,1
117,0769101,Vārkavasnovads,1
117,0429300,Vecpiebalgasnovads,1
117,0409500,Vecumniekunovads,1
117,0270000,Ventspils,1
117,0980200,Ventspilsnovads,1
117,0561815,Viesīte,Viesītesnovads,1
117,0561800,Viesītesnovads,1
117,0381615,Viļaka,Viļakasnovads,1
117,0381600,Viļakasnovads,1
117,0781817,Viļāni,Viļānunovads,1
117,0781800,Viļānunovads,1
117,0681817,Zilupe,Zilupesnovads,1
117,0681801,Zilupesnovads,1